pathway,pval,padj,log2err,ES,NES,size,leadingEdge
HALLMARK_UV_RESPONSE_DN,0.00115051668685812,0.260016771229934,0.45505986738723,0.522893894869154,1.30100792399277,129,TGFBR3|AMPH|SIPA1L1|LAMC1|PRKCA|PPARG|AGGF1|PTPRM|NFKB1|MMP16|CDK13|LPAR1|ARHGEF9|DLG1|TOGARAM1|NIPBL|MAGI2|IGF1R|SCN8A|ATXN1|DLC1|CDKN1B|VAV2|ADGRL2|TJP1|IGFBP5|INSIG1|FBLN5|PDGFRB|F3|PHF3|NR3C1|DYRK1A|INPP4B|SLC7A1|GRK5|FYN|AKT3|COL5A2|MGLL|DBP|DMAC2L|BCKDHB|SMAD7|NR1D2|DUSP1|ADORA2B|WDR37|NRP1|PEX14|SYNE1|SCHIP1|SDC2|CELF2|PRKCE|BMPR1A|SRI|CDON|MAPK14
KEGG_VASCULAR_SMOOTH_MUSCLE_CONTRACTION,0.0052994700529947,0.527280605272806,0.198584486969905,0.531180662299585,1.29830600245127,84,KCNMB4|ADCY8|ITPR1|GNA13|PRKG1|PLCB1|PRKCA|KCNMB3|CALM3|EDNRA|ADCY5|MYLK|CACNA1C|GUCY1A1|ADORA2A|BRAF|ADRA1A|PPP1R12A|ROCK2|ADRA1B|MAPK1|KCNMB1|ROCK1|PRKCB|PLA2G6|PPP1R12B|ADRA1D|ADORA2B|IRAG1|ADCY2|ADCY3|PRKCE|GNAQ|ARHGEF11|ADCY1|CALD1|RAMP1|ARHGEF12|KCNMA1|MAP2K1|PRKCH|RAF1|KCNMB2
KEGG_NEUROACTIVE_LIGAND_RECEPTOR_INTERACTION,0.006999300069993,0.527280605272806,0.172450317477257,0.489538426185003,1.22394131100183,149,OPRD1|LEPR|GHR|P2RY11|GRID1|GRIN2B|GABRA6|VIPR2|GRM5|GRIA3|LPAR1|CHRNA6|EDNRA|GRM8|GABRR2|NPY1R|GRIK4|ADORA2A|GABRG3|MCHR1|GABRB1|P2RX5|GLRB|THRA|ADRA1A|TSHR|DRD1|NPFFR1|CRHR2|GRIN2A|NR3C1|HTR4|HRH2|PTH2R|GABRA4|SSTR2|HTR5A|ADRA1B|MC4R|GABBR1|OPRK1|F2R|ADRA1D|GABRA3|ADORA2B|SSTR3|LPAR2|GRIA4|GRM4|GRIK5|CHRM5|GRIA1|CRHR1|GRIK2|GABRB2|MC1R|NMBR|GLRA2|GRM7|CHRNA4|S1PR3|CHRM3|CHRNA7|NTSR1|GRIK3|GRM1|CHRNA2|PTH1R
KEGG_CYTOSOLIC_DNA_SENSING_PATHWAY,0.0095990400959904,0.542345765423458,0.146922135732098,0.621657675327066,1.42036664663674,28,POLR3GL|POLR1D|NFKB1|POLR3K|NFKBIB|CHUK|AIM2|RELA|ADAR|POLR3B|TBK1|POLR3F
KEGG_RIBOSOME,0.0148985101489851,0.600454240290257,0.117506481856722,0.513021824766742,1.25468536337781,85,RSL24D1|RPL26L1|RPL13A|RPS17|RPL35|RPL24|RPS20|RPL27A|RPL41|RPL21|RPS18|RPS29|RPS12|RPL28|RPS19|RPL7|RPL15|RPL23|RPS3|RPS27L|FAU|RPS13|RPL30|RPS3A|RPS24|RPL39|RPL11|RPS4X|RPL9|RPL26|RPL18|RPS8|RPL17|RPLP1|RPL35A|RPS27A|RPS23|UBA52|RPS16|RPL7A|RPL8|RPS28|RPL13|RPL10A|RPS7|RPL38|RPS27|RPL5|RPS2|RPL22L1|RPLP0|RPL29|RPL34|RPL27|RPL37A|RPL32|RPL10|RPL3|RPL36|RPS25|RPL18A|RPL14
KEGG_PROSTATE_CANCER,0.0167983201679832,0.600454240290257,0.110534700747335,0.517664378509434,1.25947198148168,76,CCND1|FGFR2|NFKB1|TCF7L2|EGF|IGF1R|BRAF|CHUK|CDKN1B|CREBBP|MTOR|RELA|HSP90B1|PDGFRB|PDGFC|EGFR|AKT3|HSP90AB1|AR|MAPK1|CCNE2|PIK3CA|SOS1|CREB5|CREB3L2|CREB3|SOS2|PDGFB|BCL2|MAP2K1|EP300|GRB2|RAF1|PTEN|PIK3CB|CTNNB1|RB1|FOXO1|PIK3CD|CDKN1A|PDGFD
KEGG_CYSTEINE_AND_METHIONINE_METABOLISM,0.0185981401859814,0.600454240290257,0.104938859783548,0.617556672291384,1.39744816218564,25,CDO1|MAT2B|SRM|ENOPH1|TRDMT1|AHCYL2|CTH|DNMT3A|ADI1|MTR|AHCYL1
KEGG_FOCAL_ADHESION,0.0246975302469753,0.650492093647778,0.0907499282531725,0.466674857604492,1.17134179404439,164,CCND1|PARVA|LAMC1|ITGA10|COL4A1|PRKCA|LAMA5|PXN|PAK5|CCND2|COL4A2|MYLK|TNR|ACTG1|EGF|IGF1R|BRAF|VASP|ACTN1|VAV2|BCAR1|LAMC3|DIAPH1|THBS2|BIRC2|PDGFRB|PDGFC|RAPGEF1|EGFR|RAP1A|MAPK9|SHC3|FYN|AKT3|RELN|COL5A2|PTK2|PPP1R12A|LAMB2|COL6A6|ROCK2|FLT1|TNXB|MAPK1|MAPK10|VEGFD|ROCK1|PRKCB|HGF|PIK3CA|SOS1|ITGA1|COL5A3|RAC3|PAK1|SOS2|ILK|PDGFB|CDC42|CAV2|MET|ITGA6|ITGA2B|BCL2|MAP2K1
HALLMARK_ANDROGEN_RESPONSE,0.030996900309969,0.650492093647778,0.080726747877111,0.49596545731833,1.21632403441341,90,SLC38A2|CCND1|PLPP1|SGK1|STK39|RRP12|IDI1|ANKH|ABHD2|SORD|GUCY1A1|ARID5B|ACTN1|MAF|SPCS3|RAB4A|MAP7|INSIG1|NCOA4|XRCC5|INPP4B|PA2G4|CDK6
KEGG_NOD_LIKE_RECEPTOR_SIGNALING_PATHWAY,0.0311968803119688,0.650492093647778,0.0804588724057859,0.554325952521322,1.29957422119889,40,NFKB1|TRAF6|NFKBIB|TAB2|CHUK|RELA|HSP90B1|BIRC2|CARD18|MAPK9|HSP90AB1|NLRC4|MAPK1|MAPK10
KEGG_GLYCOSAMINOGLYCAN_BIOSYNTHESIS_HEPARAN_SULFATE,0.0345965403459654,0.650492093647778,0.0762633077782967,0.592345746861166,1.34529940427787,26,HS6ST1|NDST3|XYLT1|B3GAT2|EXT1|HS6ST2|HS2ST1|GLCE|EXTL3|HS6ST3
KEGG_MAPK_SIGNALING_PATHWAY,0.038996100389961,0.650492093647778,0.0716628565191792,0.44955398144628,1.13813236318776,217,CACNA2D2|FGFR2|RASGRP2|PRKCA|CACNA1I|FGF12|NTRK2|NFKB1|TRAF6|PPP3R2|MAP4K2|TAB2|NGF|MEF2C|CACNA1C|EGF|MKNK1|BRAF|CHUK|MAP3K4|FGF1|MAP2K3|CDC25B|RELA|CACNG2|MAP2K7|MAX|CACNB4|STK3|PDGFRB|HSPA2|TAOK3|EGFR|RAP1A|GADD45A|MAP3K13|MAP3K14|CACNG7|MAPK9|AKT3|GNG12|RASA1|RASGRP3|NTF3|CHP1|MAPK1|CACNG5|MAPK10|NF1|STMN1|RPS6KA4|PRKCB|PLA2G6|CACNA1G|PPP3CA|DUSP1|DUSP7|MAP3K2|MAP4K4|RAPGEF2|SOS1|FGF14|MAP4K3|DDIT3|CACNG4|RAC3|PAK1|MAPK14|SOS2|DUSP14|DUSP10|RRAS2|FOS|PDGFB|MAPK13|CDC42|MAP2K4|MAP2K1
KEGG_ONE_CARBON_POOL_BY_FOLATE,0.0396960303969603,0.650492093647778,0.071001584690387,0.63981149053888,1.39618888161163,16,MTHFD1|GART|MTHFD1L|MTHFD2|AMT|ATIC|MTR|MTHFR
KEGG_DRUG_METABOLISM_OTHER_ENZYMES,0.0402959704029597,0.650492093647778,0.0704483776028406,0.604389114548113,1.35449411394432,22,CYP3A43|UPP2|IMPDH2|CYP3A7|CYP3A5|CES5A|TK2|UMPS|ITPA|DPYD
KEGG_CALCIUM_SIGNALING_PATHWAY,0.043995600439956,0.662867046628671,0.0672877185291006,0.465783977194961,1.16151203752712,138,ATP2B2|ADCY8|GNAL|ITPR1|PLCB1|PRKCA|CACNA1I|RYR2|PPP3R2|GRM5|PLCE1|PHKA2|CALM3|PHKA1|EDNRA|ERBB4|MYLK|CAMK2D|CACNA1C|SLC25A5|ADORA2A|P2RX5|CAMK2G|ADRA1A|DRD1|GRIN2A|PDGFRB|PDE1C|EGFR|HTR4|HRH2|RYR3|SLC25A6|HTR5A|ADRA1B|CHP1|VDAC1|PRKCB|F2R|CACNA1G|PPP3CA|ADRA1D|PLN|ADORA2B
HALLMARK_PANCREAS_BETA_CELLS,0.048995100489951,0.692055794420558,0.0635916868333331,0.5872686961691,1.32482594076868,24,DCX|MAFB|SPCS1|SST|INSM1|LMO2|STXBP1|AKT3|SRP9|SCGN|SRPRB|PAX6|GCK|FOXO1|SRP14|PCSK2
KEGG_ARRHYTHMOGENIC_RIGHT_VENTRICULAR_CARDIOMYOPATHY_ARVC,0.0615938406159384,0.693109793498262,0.0563335007829073,0.505129103594343,1.21293475965618,58,CACNA2D2|ITGA10|EMD|RYR2|TCF7L2|CACNA1C|ACTG1|LMNA|ACTN1|CACNG2|CDH2|CACNB4|PKP2|CACNG7|DAG1
HALLMARK_APICAL_SURFACE,0.0616938306169383,0.693109793498262,0.0562847952048854,0.54968643905485,1.26973481506994,32,SRPX|PKHD1|EFNA5|NTNG1|CROCC|SHROOM2|FLOT2|ATP6V0A4|RTN4RL1|NCOA6|CRYBG1|MDGA1
KEGG_ERBB_SIGNALING_PATHWAY,0.0650934906509349,0.693109793498262,0.0546947688323271,0.484612779413551,1.18266067497976,81,PRKCA|PAK5|ERBB4|NRG3|CAMK2D|CBLB|EGF|NCK2|BRAF|GAB1|CDKN1B|CAMK2G|MTOR|MAP2K7|EGFR|ABL1|MAPK9|SHC3|AKT3|PTK2|NRG1|MAPK1|MAPK10|NRG2|PRKCB|EIF4EBP1|PIK3CA|SOS1|PAK1|SOS2|MAP2K4|RPS6KB1|MAP2K1|GRB2|RAF1|SRC|RPS6KB2|PIK3CB|HBEGF|ERBB3|PIK3CD|CDKN1A|ABL2
KEGG_LONG_TERM_POTENTIATION,0.065993400659934,0.693109793498262,0.0542941356227061,0.495334548910763,1.1961945197992,65,ADCY8|ITPR1|PLCB1|PRKCA|GRIN2B|PPP3R2|GRM5|CALM3|CAMK2D|CACNA1C|BRAF|CREBBP|CAMK2G|GRIN2A|RAP1A|PPP1R12A|CHP1|MAPK1|PRKCB|PPP3CA
HALLMARK_IL2_STAT5_SIGNALING,0.0751924807519248,0.693109793498262,0.0506111894965511,0.455194953058032,1.13561221465319,140,PLPP1|NCOA3|MAP6|PDCD2L|RABGAP1L|BMPR2|HOPX|CCND2|CYFIP1|IFITM3|PLEC|ETV4|RNH1|IGF1R|IL10RA|GABARAPL1|CD81|SNX9|LRIG1|RHOB|SLC39A8|POU2F1|XBP1|S100A1|ST3GAL4|IKZF4|BMP2|TIAM1|GLIPR2|IGF2R|SERPINB6|ETFBKMT|CD83|RORA|UMPS|HUWE1|FURIN|NFKBIZ|DRC1|PLAGL1|NRP1|IKZF2|DHRS3|SOCS2|RGS16|ITGAE|P4HA1|WLS|ODC1|ITGA6|NOP2|BCL2|NFIL3|GSTO1|PRKCH
KEGG_ADIPOCYTOKINE_SIGNALING_PATHWAY,0.0782921707829217,0.693109793498262,0.0495153471939912,0.501926608508898,1.20069745179131,54,LEPR|CPT1B|NFKB1|NFKBIB|PRKAA1|CHUK|MTOR|RELA|MAPK9|IRS2|PPARGC1A|AKT3|CPT1C|ACACB|MAPK10|ACSL1|RXRB|TRADD|RXRG|PRKAG1|STAT3|PRKAA2
KEGG_PANCREATIC_CANCER,0.0824917508249175,0.693109793498262,0.0481276908996666,0.491595126723526,1.18540779617409,63,CCND1|NFKB1|RALB|RALA|RALGDS|EGF|BRAF|CHUK|RELA|ARHGEF6|EGFR|JAK1|MAPK9|AKT3|PLD1|CDK6|MAPK1|MAPK10|VEGFD|PIK3CA|RAC3|STAT3|CDC42|MAP2K1|RALBP1|RAF1|PIK3CB|RB1|PIK3CD
KEGG_OLFACTORY_TRANSDUCTION,0.0855914408559144,0.693109793498262,0.0471677872332913,0.548708855672527,1.25369280915164,28,GNAL|PRKG1|CALM3|CAMK2D|OR3A2|CAMK2G|OR2AG2|PDE1C|PRKG2|OR2M3
KEGG_SMALL_CELL_LUNG_CANCER,0.0861913808619138,0.693109793498262,0.0469878261211115,0.481048243573869,1.16967465529077,75,CCND1|LAMC1|COL4A1|LAMA5|NFKB1|TRAF6|COL4A2|CKS1B|CHUK|CDKN1B|RELA|LAMC3|MAX|BIRC2|AKT3|PTK2|CDK6|LAMB2|CCNE2|RXRB|PIK3CA|RXRG|CYCS|ITGA6|ITGA2B|BCL2|RARB|PTEN|PIAS3|PIK3CB|RB1|PIK3CD
KEGG_P53_SIGNALING_PATHWAY,0.0898910108989101,0.693109793498262,0.0459169499433583,0.499368609244731,1.19320757466315,53,CCND1|SESN1|CHEK1|ADGRB1|CCND2|SHISA5|GADD45A|RRM2B|COP1|CDK6|CCNE2|PIDD1|CCNB1|ZMAT3|CCNG2|BAX|PPM1D|SESN3|BBC3|CYCS
HALLMARK_APOPTOSIS,0.107889211078892,0.693109793498262,0.0414939423465147,0.452874879387424,1.12362134645115,121,CCND1|TGFBR3|ADD1|LGALS3|CCND2|ANKH|CFLAR|IFITM3|AIFM3|LMNA|CDKN1B|CREBBP|CDC25B|BCL2L2|RELA|TXNIP|RHOB|HMGB2|IGFBP6|PDGFRB|GADD45A|PLPPR4|CTH|BTG3|BMP2|FEZ1|SC5D|PTK2|IGF2R|RNASEL|CASP2|SATB1|NEFH|CCNA1|ROCK1|F2R|SMAD7
HALLMARK_CHOLESTEROL_HOMEOSTASIS,0.107989201079892,0.693109793498262,0.0414723944801625,0.481503201272725,1.16279288794767,65,PPARG|TM7SF2|FADS2|LGALS3|IDI1|FABP5|ACTG1|NSDHL|CPEB2|LGMN|SC5D|CHKA|JAG1|FDPS|HMGCS1|PMVK|ECH1|ALDOC|GLDC|MAL2|LPL|MVK|ACAT2|NFIL3|TMEM97|CLU|HMGCR|MVD|CTNNB1|SCD|DHCR7|TRIB3|EBP|HSD17B7|FASN|SREBF2|FDFT1|CYP51A1|ATF5
HALLMARK_E2F_TARGETS,0.112288771122888,0.693109793498262,0.0405721536212484,0.440796133830614,1.10713705783725,167,STAG1|CTPS1|RPA1|MCM6|MRE11|CHEK1|GINS3|ANP32E|POLE|PRDX4|PRPS1|HMGB3|DSCC1|CKS1B|MTHFD2|NOLC1|MCM3|CDKN1B|CDC25B|PDS5B|SMC1A|NASP|BRMS1L|HMGB2|NUDT21|DIAPH3|PAN2|RFC2|GINS1|RPA3|PA2G4|CSE1L|RANBP1|USP1|JPT1|PRIM2|UBE2T|STMN1|CDKN3|CENPE|KIF4A|SMC4|DCK|MSH2|DEPDC1|MAD2L1|PPM1D|IPO7|TMPO|LUC7L3|SNRPB|LMNB1|NUP153|UNG|SMC3|TUBG1|MMS22L|XPO1|POLE4|PLK1|CNOT9|POLD3|UBR7|ORC2|LYAR|RAD50|WDR90|RAN|TFRC|CDKN1A|POLD1|ATAD2|SPAG5|DNMT1|CCP110|SLBP
KEGG_ABC_TRANSPORTERS,0.115588441155884,0.693109793498262,0.0399142166484103,0.514122646153317,1.19941363974517,37,ABCA7|ABCA1|ABCB7|ABCC2|ABCC10|ABCB9|ABCA3|ABCG4|ABCB6|ABCG5|ABCG1|ABCB5
KEGG_LONG_TERM_DEPRESSION,0.117588241175882,0.693109793498262,0.0395284429316276,0.485916755351229,1.16569900010037,57,ITPR1|GNA13|PRKG1|PLCB1|PRKCA|GRM5|GRIA3|CRH|GUCY1A1|IGF1R|BRAF|PPP2CB|PRKG2|MAPK1|PRKCB|PLA2G6|GNAI3|GRIA1|CRHR1|GNAQ|PPP2CA|MAP2K1|RAF1|PPP2R1A|GRM1|CACNA1A|GUCY1A2|PLA2G4A
KEGG_T_CELL_RECEPTOR_SIGNALING_PATHWAY,0.117588241175882,0.693109793498262,0.0395284429316276,0.468163771270933,1.14251812014198,81,NFKB1|PPP3R2|NFKBIB|PAK5|PTPN6|DLG1|CBLB|NCK2|CHUK|VAV2|RELA|MAP2K7|MALT1|MAP3K14|PTPRC|CD247|MAPK9|FYN|AKT3|CHP1|MAPK1|PPP3CA|PIK3CA|SOS1|NFAT5|PAK1|MAPK14|SOS2|FOS|MAPK13|CDC42|MAP2K1|GRB2|RAF1|CD8A|PIK3CB|IL5
KEGG_LINOLEIC_ACID_METABOLISM,0.11978802119788,0.693109793498262,0.0391148129212067,0.632144220891834,1.31993370240708,10,CYP3A43|CYP3A7|CYP3A5|CYP2C8|PLA2G6|CYP2C18|CYP2E1
KEGG_SELENOAMINO_ACID_METABOLISM,0.121887811218878,0.693109793498262,0.0387300107593134,0.552555149935921,1.23832921573614,22,PAPSS2|MAT2B|MARS2|AHCYL2|CTH|AHCYL1
KEGG_GLIOMA,0.125287471252875,0.693109793498262,0.0381266974919746,0.482074621519422,1.15844958225847,59,CCND1|PRKCA|CALM3|CAMK2D|EGF|IGF1R|BRAF|CAMK2G|MTOR|PDGFRB|EGFR|SHC3|AKT3|CDK6|MAPK1|PRKCB|PIK3CA|SOS1|SOS2|PDGFB|MAP2K1|GRB2|RAF1|PTEN|PIK3CB|RB1|PIK3CD|CDKN1A|SHC4|CALM2|CALM1|PIK3R1
KEGG_CELL_CYCLE,0.139286071392861,0.693109793498262,0.0358688289733687,0.45440452972855,1.11924706796556,101,STAG1|CCND1|MCM6|YWHAQ|CHEK1|CCND2|ANAPC4|TFDP1|MAD1L1|MCM3|CDKN1B|CREBBP|CDC25B|SMC1A|RBL1|CCNH|GADD45A|ABL1|ORC3|CDKN2D|CDK6|ZBTB17|CCNA1|CCNE2|CCNB1|RBL2|YWHAG|SKP1|ORC5|MAD2L1|STAG2|RBX1|HDAC1|CDC27|ANAPC13|E2F4|EP300|SMC3|PLK1|ORC2|RB1|ANAPC1|ORC4|CDKN1A|CDK7|ANAPC2|YWHAE
KEGG_LEISHMANIA_INFECTION,0.142085791420858,0.693109793498262,0.0354557516199141,0.501201358032144,1.17502772793845,40,NFKB1|TRAF6|NFKBIB|TAB2|PTPN6|RELA|HLA-DMA|JAK1|MAPK1|PRKCB|MARCKSL1|IFNGR2|MAPK14|FOS|MAPK13|HLA-DPA1
KEGG_SPHINGOLIPID_METABOLISM,0.158584141585841,0.693109793498262,0.0332359127589922,0.510376552297696,1.178931898633,32,SGPP2|PLPP1|ASAH1|SGPL1|B4GALT6|UGCG|GALC|NEU3|SMPD3|UGT8|SMPD4|SGMS1|SGPP1|PLPP3|DEGS2
KEGG_REGULATION_OF_ACTIN_CYTOSKELETON,0.158884111588841,0.693109793498262,0.0331985943511428,0.432679171130583,1.08710259846526,169,FGFR2|GNA13|ITGA10|PXN|FGF12|PAK5|TMSB4X|CYFIP1|MYLK|ACTG1|EGF|BRAF|BRK1|ACTN1|FGF1|SLC9A1|VAV2|BCAR1|DIAPH1|ARHGEF6|ARHGEF4|FGD1|SSH2|PDGFRB|DIAPH3|PDGFC|EGFR|TIAM1|GNG12|MYH9|ARHGEF7|PTK2|PPP1R12A|ARPC3|ROCK2|SSH3|MAPK1|ROCK1|MYH10|F2R|PIK3CA|MSN|PFN2|SOS1|CHRM5|ARPC4|FGF14|ITGA1|LIMK1|RAC3|PAK1|SOS2|ITGAE|RRAS2|PDGFB|CDC42|ARHGEF12|ITGA6|CFL2|ITGA2B|MAP2K1|ARPC1A|RAF1|CHRM3|APC|PIK3CB|FGF22|BAIAP2|FGD3|PIK3CD|IQGAP2|PIKFYVE|PFN4|ITGB5|PDGFD
KEGG_NON_SMALL_CELL_LUNG_CANCER,0.168683131686831,0.693109793498262,0.0320313698146193,0.479459788378857,1.14271743487731,51,CCND1|PRKCA|RASSF5|EGF|BRAF|EGFR|AKT3|CDK6|MAPK1|PRKCB|RXRB|PIK3CA|FOXO3|SOS1|RXRG|SOS2|MAP2K1|RARB|GRB2|RAF1|PIK3CB|RB1|PIK3CD|RXRA
KEGG_JAK_STAT_SIGNALING_PATHWAY,0.170982901709829,0.693109793498262,0.0317711239893025,0.457494271726092,1.11531466369019,79,LEPR|CCND1|GHR|CCND2|PTPN6|CBLB|IL10RA|CNTFR|CREBBP|JAK1|STAT4|AKT3|IL15|IL12RB2|PIK3CA|STAT2|SOS1|IFNGR2|IFNAR2|SOCS2|IL20RA|SOS2|STAT3|IFNAR1|EP300|GRB2|PIAS3|PIK3CB|IFNGR1|IL5
HALLMARK_ESTROGEN_RESPONSE_LATE,0.171482851714829,0.693109793498262,0.031715195601615,0.435719290713145,1.08849288945974,146,CACNA2D2|CCND1|SGK1|TJP3|PAPSS2|SERPINA3|NMU|MYB|PTPN6|AFF1|NCOR2|ABHD2|FABP5|S100A9|SORD|NPY1R|ARL3|SLC1A4|IGSF1|XBP1|ABCA3|JAK1|BTG3|TIAM1|RAB31|MOCS2|STIL|CHPT1|CCNA1|OVOL2|NBL1|ID2|LARGE1|IL17RB|GALE|SNX10|DYNLT3|HR|UGDH|RAPGEFL1|ASCL1|CKB|FOS|ATP2B4|MAPK13|CYP26B1|BCL2|SLC24A3|EGR3
KEGG_VIBRIO_CHOLERAE_INFECTION,0.174482551744826,0.693109793498262,0.0313843421610407,0.483300052519098,1.14472961036563,47,PRKCA|ATP6V1E1|ACTG1|SEC61G|KCNQ1|TJP1|ATP6V0E2|ATP6V1B2|PDIA4|ATP6V0A4|SEC61B|ATP6V1G1|PRKCB|ATP6AP1|ATP6V1A|ATP6V1F|ADCY3|ATP6V0A1|ATP6V1H|ATP6V1G2
KEGG_B_CELL_RECEPTOR_SIGNALING_PATHWAY,0.176482351764824,0.693109793498262,0.0311681490798957,0.473539411293776,1.13355652523322,55,NFKB1|PPP3R2|NFKBIB|PTPN6|CHUK|VAV2|CD81|RELA|MALT1|AKT3|RASGRP3|CHP1|MAPK1|PRKCB|PPP3CA|PIK3CA|SOS1|NFAT5|RAC3|SOS2|FOS|MAP2K1|GRB2|RAF1|PIK3CB
KEGG_GLYCOSAMINOGLYCAN_BIOSYNTHESIS_CHONDROITIN_SULFATE,0.177582241775822,0.693109793498262,0.0310506924682319,0.538598680797142,1.19731789189025,20,CSGALNACT1|CHPF2|XYLT1|B3GAT2|CHSY3|CHST12|CHST11
KEGG_EPITHELIAL_CELL_SIGNALING_IN_HELICOBACTER_PYLORI_INFECTION,0.177782221777822,0.693109793498262,0.0310294455435001,0.469246817385509,1.12762372319668,59,NFKB1|ATP6V1E1|CHUK|IGSF5|TJP1|RELA|ATP6V0E2|ATP6V1B2|EGFR|MAP3K14|MAPK9|ATP6V0A4|ATP6V1G1|MAPK10|ATP6AP1|ATP6V1A|ATP6V1F|PAK1|MAPK14|MAPK13|CDC42|MET|MAP2K4|ATP6V0A1|ATP6V1H|ATP6V1G2|SRC|ADAM17|HBEGF
KEGG_DNA_REPLICATION,0.177882211778822,0.693109793498262,0.0310188345556625,0.50288341272104,1.16385531581089,33,RPA1|MCM6|POLE|MCM3|SSBP1|RFC4|RFC2|RPA3|PRIM2|POLA1|RFC5|POLE4|POLD3|POLD1|POLD4|DNA2
KEGG_AXON_GUIDANCE,0.178582141785821,0.693109793498262,0.0309447894171407,0.443179905078943,1.09679025822047,114,EPHA6|DPYSL5|SLIT2|PPP3R2|PLXNC1|PLXNB2|SEMA7A|PAK5|EFNA5|LRRC4C|NTNG1|NCK2|ABLIM1|EPHA7|UNC5C|PLXNA1|ROBO2|ABL1|DPYSL2|FYN|RASA1|PTK2|SRGAP3|ROCK2|UNC5D|PLXNA2|CHP1|MAPK1|ROCK1|PPP3CA|GNAI3|SRGAP2|NRP1|NFAT5|LIMK1|SEMA5B|RAC3|PAK1|EFNA2|CDC42|MET|ARHGEF12|CFL2
KEGG_PROGESTERONE_MEDIATED_OOCYTE_MATURATION,0.18048195180482,0.693109793498262,0.030745828955149,0.461142510701747,1.11676724346414,69,ADCY8|PDE3B|ANAPC4|ADCY5|IGF1R|BRAF|CDC25B|MAPK9|AKT3|HSP90AB1|CCNA1|MAPK1|MAPK10|CCNB1|GNAI3|PIK3CA|MAD2L1|ADCY2|ADCY3|CDC27|MAPK14|ADCY1|ANAPC13|MAPK13|MAP2K1|RAF1|PLK1|PIK3CB|ANAPC1|PIK3CD|RPS6KA2|PDE3A|ANAPC2
KEGG_MELANOMA,0.180581941805819,0.693109793498262,0.0307354380864671,0.469618952881921,1.12766646722709,58,CCND1|FGF12|EGF|IGF1R|BRAF|FGF1|PDGFRB|PDGFC|EGFR|AKT3|CDK6|MAPK1|HGF|PIK3CA|FGF14|PDGFB|MET|MAP2K1|RAF1|MITF|PTEN|PIK3CB|FGF22|RB1|PIK3CD|CDKN1A|PDGFD
KEGG_TERPENOID_BACKBONE_BIOSYNTHESIS,0.185181481851815,0.693109793498262,0.0302659267139229,0.570988693071193,1.22197564969958,13,IDI1|FDPS|HMGCS1|PMVK|MVK|ACAT2|HMGCR|MVD
KEGG_GNRH_SIGNALING_PATHWAY,0.187381261873813,0.693109793498262,0.0300470580977998,0.455869475888425,1.10912563415593,76,ADCY8|ITPR1|PLCB1|PRKCA|CALM3|ADCY5|CAMK2D|CACNA1C|MAP3K4|MAP2K3|CAMK2G|MAP2K7|EGFR|MAPK9|PLD1|MAPK1|MAPK10|PRKCB|PLA2G6|GNRH1|MAP3K2|SOS1|ADCY2|ADCY3|GNAQ|MAPK14|SOS2|ADCY1|MAPK13|CDC42|MAP2K4|MAP2K1|GRB2|RAF1|SRC|PTK2B|HBEGF|MAPK7|PLA2G4A|PLCB4|ATF4|CALM2|CALM1
KEGG_PYRUVATE_METABOLISM,0.18978102189781,0.693109793498262,0.0298123151023384,0.497615790386656,1.15431673664397,34,ME3|GLO1|HAGHL|LDHD|ME1|ACYP1|ACACB|ALDH7A1|ACYP2|PDHB|MDH2|ALDH1B1|HAGH
KEGG_ALDOSTERONE_REGULATED_SODIUM_REABSORPTION,0.190680931906809,0.693109793498262,0.0297253427498778,0.503076641586483,1.15977620526275,31,PRKCA|SGK1|FXYD2|ATP1B2|HSD11B1|IRS2|MAPK1|PRKCB|PIK3CA|ATP1A2
KEGG_STEROID_HORMONE_BIOSYNTHESIS,0.191880811918808,0.693109793498262,0.0296102583825489,0.54211364383192,1.19556252907378,18,CYP3A43|CYP3A7|CYP3A5|HSD11B1|STS|SRD5A1|HSD17B12|CYP1B1|SRD5A3|CYP7B1|HSD17B7
KEGG_PROXIMAL_TUBULE_BICARBONATE_RECLAMATION,0.193980601939806,0.693109793498262,0.0294112338693492,0.541065011314518,1.19324990374358,18,SLC4A4|FXYD2|ATP1B2|GLS2|ATP1A2
KEGG_NITROGEN_METABOLISM,0.194880511948805,0.693109793498262,0.0293268456891866,0.550801147922585,1.20195159055479,16,AMT|CA1|CA8|CTH|GLS2|GLS|CA5B
KEGG_METABOLISM_OF_XENOBIOTICS_BY_CYTOCHROME_P450,0.195680431956804,0.693109793498262,0.0292522839792631,0.509821784925952,1.16133403928772,27,CYP3A43|CYP3A7|GSTA4|CYP3A5|CYP2C8|MGST1|GSTO2|CYP2C18|CYP1B1|CYP2E1|GSTO1
KEGG_NEUROTROPHIN_SIGNALING_PATHWAY,0.196780321967803,0.693109793498262,0.0291504450086787,0.440314789857516,1.08934520342072,113,YWHAQ|NTRK2|NFKB1|TRAF6|NFKBIB|CALM3|NGF|CAMK2D|BEX3|BRAF|GAB1|CAMK2G|RELA|MAP2K7|NTRK3|RAPGEF1|RAP1A|ABL1|MAPK9|IRS2|SHC3|AKT3|NTF3|MAPK1|MAPK10|RPS6KA4|YWHAG|PIK3CA|FOXO3|SOS1|CAMK4|BAX|PRDM4|MAPK14|SOS2|MAPK13|CDC42|BCL2|MAP2K1|GRB2|RAF1|PSEN1|PIK3CB|MAPKAPK2|PIK3CD|MAP3K5|RPS6KA2|MAPK7|FRS2|YWHAE|ATF4|SH2B3|SHC4|RHOA|CALM2|CALM1|PIK3R1|MAP3K3|ARHGDIA|KIDINS220
KEGG_PURINE_METABOLISM,0.197180281971803,0.693109793498262,0.0291136069415774,0.433942091743455,1.08159698777416,136,ADCY8|POLR3GL|PDE10A|PDE2A|POLR1D|POLE|PAPSS2|POLR3K|PRPS1|GMPR2|PDE3B|GART|ADCY5|IMPDH2|POLR1H|GUCY1A1|NME7|APRT|NT5C2|PDE1C|RRM2B|ATIC|PDE4A|PDE4B|POLR1E|PDE7A|PDE4D|PRIM2|PDE8B|POLR3B|POLR2G|DCK|ITPA|ADCY2|NT5C1A|POLA1|POLR3F|ENTPD6|POLR1B|PFAS|ADCY3|PDE5A|PNPT1|ADCY10|ADCY1|ENPP3|POLR2L|NUDT2|AMPD2|POLE4|NME2|POLD3|PDE1B|NUDT5|NT5C3A|POLR2E|GUCY1A2|PDE3A|ENTPD5|POLD1
KEGG_TIGHT_JUNCTION,0.198380161983802,0.693109793498262,0.029003707427331,0.44274296837571,1.09243785763833,105,EPB41|MAGI1|PRKCA|PPP2R2D|TJP3|PPP2R2B|MAGI2|ACTG1|CGN|ACTN1|IGSF5|PATJ|EPB41L3|TJP1|EPB41L1|YES1|PPP2CB|AKT3|MYH9|CSNK2A1|SYMPK|CLDN16|PRKCB|MYH10|AFDN|GNAI3|RAB3B|PRKCE|PPP2CA|RRAS2|PARD6G|AMOTL1|CDC42|PRKCH|MAP3K20|CASK|PPP2R1A|SRC|PTEN|PALS1|CTNNB1
HALLMARK_EPITHELIAL_MESENCHYMAL_TRANSITION,0.198580141985801,0.693109793498262,0.0289854798089291,0.432731497045933,1.08026198576641,143,COL12A1|FBN1|PLOD2|TGFBR3|LAMC1|COL4A1|SLIT2|DST|EDIL3|SERPINE2|CADM1|COL4A2|MYLK|FBN2|BMP1|POSTN|THBS2|CDH2|RHOB|FBLN5|PDGFRB|GADD45A|COL5A2|IL15|ELN|CRLF1|ID2|SNTB1|EMP3|VIM|PFN2|HTRA1|SPARC|COL5A3|PTHLH|MATN2|CCN2|SCG2|CALD1|LOXL2|CALU|PLOD3|RGS4|EFEMP2|QSOX1|FUCA1|LRP1|CTHRC1|NNMT|ITGB5|SPOCK1|GPX7|ADAM12|LGALS1|FSTL1|PRRX1|ACTA2|ITGAV|MCM7|ECM2|GEM|SFRP1|LAMA3|COL16A1|FGF2|NOTCH2|DPYSL3|MEST|LAMA2|GPC1|DKK1
KEGG_ENDOMETRIAL_CANCER,0.202579742025797,0.693109793498262,0.0286261470897588,0.475171362606838,1.12707695477821,48,CCND1|TCF7L2|EGF|BRAF|EGFR|AKT3|MAPK1|PIK3CA|FOXO3|SOS1|SOS2|ILK|MAP2K1|GRB2|RAF1|APC|PTEN|PIK3CB|CTNNB1|PIK3CD
HALLMARK_ESTROGEN_RESPONSE_EARLY,0.203079692030797,0.693109793498262,0.0285819161089634,0.430407507745546,1.07640417638861,150,CCND1|SYBU|TJP3|PAPSS2|MREG|RRP12|MYB|AFF1|NCOR2|RHOBTB3|ABHD2|ELF1|IGF1R|NPY1R|ARL3|DLC1|ABLIM1|LRIG1|SLC1A4|TBC1D30|ELOVL2|XBP1|SVIL|THSD4|ABCA3|WWC1|UGCG|TIAM1|RAB31|GAB2|SNX24|AR|CHPT1|KAZN|OVOL2|NBL1|IL17RB|SLC1A1|DHRS3|DYNLT3|HR|PEX11A|RAPGEFL1|MED13L|ADCY1|FOS|INPP5F|CYP26B1|BCL2|SLC24A3|EGR3|AKAP1|FHL2|CBFA2T3|NXT1|DHCR7|FARP1|RPS6KA2
KEGG_PATHOGENIC_ESCHERICHIA_COLI_INFECTION,0.203279672032797,0.693109793498262,0.0285642655573809,0.475013344688962,1.12670214609298,48,ARHGEF2|PRKCA|YWHAQ|ACTG1|NCK2|TUBB2A|ABL1|FYN|TUBA1C|ARPC3|ROCK2|ROCK1
KEGG_DRUG_METABOLISM_CYTOCHROME_P450,0.204379562043796,0.693109793498262,0.028467611770777,0.51081108055446,1.16012286069391,26,CYP3A43|CYP3A7|GSTA4|CYP3A5|CYP2C8|MGST1|AOX1|GSTO2|CYP2C18|MAOB|CYP2E1|GSTO1|MAOA
HALLMARK_HEDGEHOG_SIGNALING,0.205479452054795,0.693109793498262,0.0283716689736199,0.498918181720117,1.15018942979979,31,OPHN1|HEY1|CNTFR|AMOT|UNC5C|DPYSL2|RASA1|MYH9|CDK6|NF1|CDK5R1|NRP1|TLE1|SCG2|NRCAM|SLIT1|SHH|ADGRG1|L1CAM|PTCH1|PML
KEGG_NATURAL_KILLER_CELL_MEDIATED_CYTOTOXICITY,0.221477852214779,0.73426741832859,0.0270509819468143,0.459832376302137,1.10611410406578,60,PRKCA|PPP3R2|PTPN6|KLRD1|BRAF|VAV2|CD247|SHC3|FYN|CHP1|MAPK1|PRKCB|PPP3CA|PIK3CA|SOS1|NFAT5|IFNGR2|IFNAR2|RAC3|PAK1|SH3BP2|SOS2|MAP2K1|IFNAR1|GRB2|RAF1|PTK2B|PIK3CB|IFNGR1|HLA-B|PIK3CD
KEGG_NON_HOMOLOGOUS_END_JOINING,0.226477352264774,0.73426741832859,0.0266646412737587,0.563588635854804,1.19659498918867,12,MRE11|XRCC5|POLM|XRCC4|DCLRE1C|NHEJ1|RAD50
KEGG_GLYCOSPHINGOLIPID_BIOSYNTHESIS_GANGLIO_SERIES,0.22987701229877,0.73426741832859,0.0264084663455774,0.544047560107671,1.18027065954331,15,ST8SIA1|B4GALNT1|ST6GALNAC5|HEXA|ST6GALNAC3|ST3GAL2|GLB1|ST3GAL1|B3GALT4
KEGG_PATHWAYS_IN_CANCER,0.230676932306769,0.73426741832859,0.0263489333555479,0.413506916362349,1.05274080987272,269,CCND1|FGFR2|LAMC1|COL4A1|PRKCA|PPARG|LAMA5|STK36|FGF12|NFKB1|TRAF6|RALB|RALA|TCF7L2|FH|COL4A2|GLI3|RALGDS|RASSF5|CBLB|EGF|IGF1R|CKS1B|BRAF|CHUK|CDKN1B|FGF1|CREBBP|MTOR|RELA|LAMC3|MAX|HSP90B1|NCOA4|BIRC2|PDGFRB|EGFR|WNT8A|ABL1|FZD5|JAK1|HHIP|BMP2|MAPK9|AKT3|PLD1|HSP90AB1|PTK2|WNT7B|CDK6|LAMB2|PTCH2|AR|CCNA1|MAPK1|CCNE2|MAPK10|VEGFD|TFG|PRKCB|WNT16|RXRB|HGF|PIK3CA|MSH2|SOS1|RXRG|APPL1|FGF14|BAX|RBX1|HDAC1|RAC3|SOS2|STAT3|ELOC|CYCS|ARNT2|FOS|PDGFB|CDC42|MET|ITGA6|ITGA2B|BCL2|MAP2K1|RALBP1|RARB|EP300|GRB2|RAF1|APC|MITF|PTEN|PIAS3|PIK3CB|FGF22|CTNNB1|RB1
KEGG_THYROID_CANCER,0.236176382361764,0.73778568089137,0.0259470481488096,0.50203276248513,1.14018608199362,26,CCND1|PPARG|TCF7L2|BRAF|NCOA4|MAPK1|TFG|RXRB|RXRG|MAP2K1|CTNNB1|PAX8|RXRA
KEGG_OOCYTE_MEIOSIS,0.23967603239676,0.73778568089137,0.0256978041674306,0.440924212484243,1.08133884948195,90,ADCY8|ITPR1|YWHAQ|PPP3R2|CALM3|ANAPC4|ADCY5|CAMK2D|BTRC|IGF1R|CAMK2G|SMC1A|PPP2CB|FBXW11|AR|CHP1|MAPK1|CCNE2|CCNB1|PPP3CA|YWHAG|SKP1|MAD2L1|ADCY2|RBX1|ADCY3|CDC27|PPP2CA|ADCY1|ANAPC13|MAP2K1|PPP2R5C|SMC3|PPP2R1A|PLK1|ANAPC1|RPS6KA2|ANAPC2|PPP2R5B|YWHAE
KEGG_RNA_POLYMERASE,0.241575842415758,0.73778568089137,0.025564538051783,0.495216483155391,1.13147316192725,28,POLR3GL|POLR1D|POLR3K|POLR1H|POLR1E|POLR3B|POLR2G|POLR3F|POLR1B|POLR2L
KEGG_ECM_RECEPTOR_INTERACTION,0.248575142485751,0.749039762690398,0.0250854148027945,0.457199821652024,1.09680798012533,57,LAMC1|ITGA10|COL4A1|LAMA5|COL4A2|TNR|LAMC3|THBS2|RELN|COL5A2|DAG1|LAMB2|COL6A6|TNXB
KEGG_GAP_JUNCTION,0.26037396260374,0.771220313866049,0.0243171512838986,0.441491268050941,1.07742590218659,81,ADCY8|ITPR1|PRKG1|PLCB1|PRKCA|GRM5|LPAR1|ADCY5|GUCY1A1|EGF|TJP1|TUBB2A|DRD1|PDGFRB|PDGFC|EGFR|PRKG2|TUBA1C|MAPK1|PRKCB|GNAI3|MAP3K2|SOS1|ADCY2|ADCY3|TUBA1A|GNAQ|SOS2|ADCY1|PDGFB|MAP2K1|TUBA1B|GRB2|RAF1|SRC|GRM1
HALLMARK_DNA_REPAIR,0.264373562643736,0.771220313866049,0.0240671352767403,0.424214709048467,1.05881590167174,142,RNMT|GSDME|GTF2H3|POLR3GL|POLR1D|SAC3D1|ALYREF|RALA|GMPR2|USP11|IMPDH2|POLR1H|DGCR8|TAF13|EIF1B|APRT|ELOA|TSG101|RFC4|NUDT21|TK2|RRM2B|RFC2|PDE4B|RPA3|MPC2|SUPT4H1|DCTN4
KEGG_VALINE_LEUCINE_AND_ISOLEUCINE_DEGRADATION,0.266173382661734,0.771220313866049,0.023956252782659,0.468854808686817,1.10083351356182,41,ALDH6A1|ACADS|PCCB|MCCC2|ECHS1|ACADSB|MCEE|AOX1|ALDH7A1|BCKDHB|ALDH1B1|HMGCS1|HSD17B10
KEGG_GLYOXYLATE_AND_DICARBOXYLATE_METABOLISM,0.272972702729727,0.780302692622304,0.0235461117901514,0.538527570524091,1.15250544513018,13,MTHFD1|MTHFD1L|MTHFD2|HYI|MDH2|ACO1|PGP
KEGG_PROTEIN_EXPORT,0.281871812818718,0.780302692622304,0.0230291208893727,0.497585461018254,1.11895929166855,23,SEC61G|SPCS1|SRP54|SPCS3|SEC11C|SRP9|SEC61B|SRP72|SRPRB|SPCS2|HSPA5|IMMP2L|SRP14|OXA1L|SEC62
HALLMARK_ANGIOGENESIS,0.285371462853715,0.780302692622304,0.0228316149437101,0.496320223568909,1.11611405339086,23,CCND2|VAV2|POSTN|COL5A2|PTK2|SLCO2A1|JAG1|NRP1|LPL|JAG2|APP|FSTL1|VTN|ITGAV
KEGG_PYRIMIDINE_METABOLISM,0.285971402859714,0.780302692622304,0.0227980732617993,0.435202190522801,1.06635728860618,88,CTPS1|POLR3GL|POLR1D|POLE|UPP2|POLR3K|POLR1H|NME7|NT5C2|TK2|CTPS2|RRM2B|POLR1E|DHODH|PRIM2|POLR3B|UMPS|POLR2G|DCK|ITPA|NT5C1A|POLA1|POLR3F|ENTPD6|POLR1B|DPYD|PNPT1|AK3|TXNRD2|POLR2L|NUDT2|POLE4|NME2|POLD3|NT5C3A|POLR2E|DTYMK|ENTPD5|POLD1|POLD4
HALLMARK_UNFOLDED_PROTEIN_RESPONSE,0.286571342865713,0.780302692622304,0.0227646229334164,0.429687181738728,1.06153334194601,108,EXOSC5|ALDH18A1|NPM1|FUS|CKS1B|MTHFD2|SPCS1|NOLC1|CXXC1|SPCS3|SLC1A4|TUBB2A|CALR|HSP90B1|SERP1|XBP1|DDX10|PARN|BANF1|DCP2|ZBTB17|EXOSC9|RPS14|DNAJB9|EIF4A2|EIF4EBP1|DKC1|SDAD1|CEBPB|SRPRB|POP4|EXOC2|EEF2|WIPI1|HYOU1|KHSRP|PSAT1|TSPYL2|EIF4A3|SEC31A|HSPA5|SKIC3|YIF1A|SLC30A5|ATF4|PDIA5|LSM4
KEGG_ACUTE_MYELOID_LEUKEMIA,0.291770822917708,0.785002452135739,0.0224784762050975,0.451715602551063,1.07934393267661,53,CCND1|NFKB1|TCF7L2|BRAF|CHUK|MTOR|RELA|AKT3|CCNA1|MAPK1|EIF4EBP1|PIK3CA|SOS1|SOS2|STAT3|RPS6KB1|MAP2K1|GRB2|RAF1|RPS6KB2|PIK3CB|PIK3CD
KEGG_AMINO_SUGAR_AND_NUCLEOTIDE_SUGAR_METABOLISM,0.304069593040696,0.804623792939855,0.021827087782561,0.461494423715546,1.08193789873962,40,MPI|PGM1|NPL|GNPDA1|FPGT|GMPPB|GALK1|CYB5R3|GPI|GALE|HEXA|UGDH|GCK
KEGG_DILATED_CARDIOMYOPATHY,0.320667933206679,0.804623792939855,0.0209995906252555,0.437584791303027,1.05971657312976,69,CACNA2D2|ADCY8|ITGA10|EMD|RYR2|ADCY5|CACNA1C|ACTG1|LMNA|CACNG2|CACNB4|TTN|CACNG7|DAG1|CACNG5|PLN|ADCY2|ITGA1|ADCY3|CACNG4|ACTC1|ADCY1|ITGA6|ITGA2B|ATP2A2
KEGG_HOMOLOGOUS_RECOMBINATION,0.321267873212679,0.804623792939855,0.0209707048578177,0.485529523210453,1.09531141631469,24,RPA1|MRE11|TOP3B|SSBP1|RAD54B|RPA3|MUS81|RAD54L|POLD3|RAD50|POLD1|POLD4
HALLMARK_KRAS_SIGNALING_UP,0.321367863213679,0.804623792939855,0.020965897190713,0.418301551686024,1.04357121780845,140,RABGAP1L|MMD|SERPINA3|NGF|CCND2|ANKH|CTSS|MAFB|SCG5|ETV4|GUCY1A1|IL10RA|ADGRL4|VWA5A|EPB41L3|ATG10|MAP7|HSD11B1|ITGBL1|BMP2|TSPAN1|PRKG2|RELN|RBP4|CCSER2|SNAP91|SATB1|CDADC1|AMMECR1|GPRC5B|CROT|PEG3|EVI5|ID2|GABRA3|ENG|BTBD3|NRP1|ZNF277|PDCD1LG2|DNMBP|CAB39L|RGS16|PTCD2|SCG3|HDAC9
KEGG_SYSTEMIC_LUPUS_ERYTHEMATOSUS,0.323567643235676,0.804623792939855,0.020860603947406,0.461715433880316,1.07715112963875,37,GRIN2B|H3-3B|MACROH2A2|ACTN1|H2AJ|GRIN2A|HLA-DMA|SNRPD3
KEGG_RETINOL_METABOLISM,0.32996700329967,0.804623792939855,0.0205593519935918,0.493411229717229,1.09686509540954,20,CYP3A43|CYP3A7|CYP3A5|CYP2C8|CYP2C18|DHRS3|BCO1|CYP26B1|RDH5|DHRS4|RETSAT|DGAT1|PNPLA4|DHRS4L2
KEGG_CIRCADIAN_RHYTHM_MAMMAL,0.33006699330067,0.804623792939855,0.020554703300418,0.518933651896669,1.11057240558763,13,PER3|NR1D1|CRY1|CRY2|NPAS2|BHLHE41|CSNK1E|CSNK1D|PER1
HALLMARK_KRAS_SIGNALING_DN,0.331266873312669,0.804623792939855,0.020499056300524,0.423692408480953,1.04730644668913,109,PLAG1|TENM2|SGK1|NRIP2|RYR2|MFSD6|CAMK1D|EGF|CPEB3|CNTFR|MACROH2A2|ZNF112|EFHD1|SOX10|TGM1|ABCG4|SLC25A23|KLHDC8A|NTF3|CCNA1|KCNMB1|MTHFR|SLC29A3|MYOT|CLDN16|WNT16|GPR19|ARPP21|TG|NUDT11
HALLMARK_G2M_CHECKPOINT,0.332266773322668,0.804623792939855,0.0204528763153076,0.413374157345372,1.03826193839798,167,HMGN2|STAG1|CCND1|MCM6|CHEK1|RASAL2|POLE|FANCC|HMGB3|EFNA5|TFDP1|EGF|CKS1B|PRPF4B|NOLC1|MCM3|CDKN1B|CDC25B|PDS5B|SMC1A|UPF1|CCNF|NASP|RBL1|ABL1|SLC7A1|STIL|MNAT1|JPT1|PRIM2|STMN1|CDKN3|CENPE|EWSR1|WRN|KIF4A|DKC1|MARCKS|SMC4|ORC5|CUL3|NUSAP1|MAD2L1|CHAF1A|TMPO|CDC27|MAPK14|TNPO2|ODC1|E2F4|LMNB1|MAP3K20|RAD54L|TPX2|XPO1|H2AZ2|PLK1|DR1|TENT4A|SAP30|CBX1
KEGG_FC_GAMMA_R_MEDIATED_PHAGOCYTOSIS,0.334666533346665,0.804623792939855,0.0203427500566057,0.431858810051616,1.05281856683605,79,AMPH|PLPP1|PRKCA|ASAP1|VASP|VAV2|DNM3|PTPRC|AKT3|GAB2|PLD1|ARPC3|MAPK1|PRKCB|PLA2G6|MARCKSL1|MARCKS|PIK3CA|ARPC4|LIMK1|PRKCE|PAK1|DNM2|CDC42|RPS6KB1|CFL2|MAP2K1|ARPC1A|RAF1|PLPP3|RPS6KB2|PIK3CB|PIK3CD|PIKFYVE|PLA2G4A|DOCK2|PIK3R1|ASAP2|SPHK2
KEGG_GLYCINE_SERINE_AND_THREONINE_METABOLISM,0.347965203479652,0.823664572318278,0.0197497844171305,0.486460666728642,1.08539792374579,21,DMGDH|GCAT|AMT|PHGDH|CTH|MAOB|GLDC|AOC2|PSAT1|GATM|MAOA
KEGG_GLUTATHIONE_METABOLISM,0.354264573542646,0.823664572318278,0.0194786014047154,0.457569700226685,1.06332266983482,35,GSS|TXNDC12|GSTA4|LAP3|SRM|MGST1|RRM2B|GPX2|GCLC|IDH1|GSTO2
KEGG_FC_EPSILON_RI_SIGNALING_PATHWAY,0.355464453554645,0.823664572318278,0.0194276186968645,0.441428939870268,1.05343367724034,52,PRKCA|MAP2K3|VAV2|MAP2K7|MAPK9|FYN|AKT3|GAB2|MAPK1|MAPK10|PRKCB|PLA2G6|PIK3CA|SOS1|PRKCE|RAC3|MAPK14|SOS2|MAPK13|MAP2K4|MAP2K1|GRB2|RAF1|PIK3CB|IL5|PIK3CD|PLA2G4A
KEGG_STEROID_BIOSYNTHESIS,0.357164283571643,0.823664572318278,0.019355752732419,0.500868001000173,1.08659582218808,15,TM7SF2|MSMO1|NSDHL|LIPA|SC5D|DHCR7|EBP|HSD17B7|FDFT1|CYP51A1
KEGG_REGULATION_OF_AUTOPHAGY,0.360963903609639,0.824018608240186,0.0191966110466459,0.488134522482491,1.08063765589064,19,PRKAA1|ULK2|GABARAPL1|ATG4C|ULK3|GABARAP
KEGG_TGF_BETA_SIGNALING_PATHWAY,0.365763423657634,0.826271828262718,0.0189984805306982,0.431925707130356,1.04440327055618,67,BMPR2|ZFYVE9|ACVR1C|TFDP1|CREBBP|THBS2|RBL1|PPP2CB|BMP2|ID4|GDF7|ROCK2|MAPK1|ROCK1|ACVR2B|SMAD7|SMURF1|RBL2|ID2|SKP1|RBX1|BMPR1A|PPP2CA|E2F4|RPS6KB1|EP300|PPP2R1A|RPS6KB2
KEGG_MISMATCH_REPAIR,0.369263073692631,0.826271828262718,0.0188559870045363,0.478029218810532,1.07130943888091,22,RPA1|SSBP1|RFC4|RFC2|RPA3|MSH2|RFC5|POLD3|POLD1|POLD4|MSH6|PMS2|EXO1
KEGG_ARGININE_AND_PROLINE_METABOLISM,0.375862413758624,0.83107029102915,0.0185916649782099,0.444133367750134,1.04926397589221,45,ALDH18A1|ARG2|LAP3|PYCR2|SRM|AGMAT|CKMT1A|PYCR1|ALDH7A1|GLS2|MAOB|ALDH1B1|CKB|P4HA1|ODC1|OAT|GATM|MAOA|GLS
KEGG_FRUCTOSE_AND_MANNOSE_METABOLISM,0.378762123787621,0.83107029102915,0.0184772798275895,0.46571621388722,1.06086500778696,27,MPI|SORD|MTMR1|PFKP|FPGT|GMPPB|PFKM
KEGG_WNT_SIGNALING_PATHWAY,0.391960803919608,0.831073917401648,0.0179694939711885,0.414796794312297,1.0288008865109,120,CCND1|PLCB1|PRKCA|PPP3R2|TCF7L2|CCND2|CHD8|SENP2|CAMK2D|LRP5|BTRC|CREBBP|CAMK2G|NKD2|PRICKLE1|PPP2CB|WNT8A|FZD5|FBXW11|MAPK9|PRICKLE2|WIF1|CXXC4|CSNK2A1|WNT7B|ROCK2|LRP6|CHP1|MAPK10|TBL1Y|ROCK1|PRKCB|PPP3CA|WNT16|SKP1|NFAT5|RBX1|CSNK1A1|RAC3|PPP2CA|EP300|PPP2R5C|APC|PSEN1|PPP2R1A|CTNNB1|DAAM2|DKK2|TBL1X|CACYBP|WNT4|MAP3K7|PPP2R5B
KEGG_CHEMOKINE_SIGNALING_PATHWAY,0.392560743925607,0.831073917401648,0.0179468953469836,0.415569786735818,1.02846019974983,114,ADCY8|RASGRP2|PLCB1|PXN|NFKB1|NFKBIB|ADCY5|BRAF|CHUK|VAV2|RELA|BCAR1|RAP1A|GNB4|GRK5|SHC3|TIAM1|AKT3|GNG12|PTK2|ROCK2|MAPK1|ROCK1|PRKCB|GNAI3|PIK3CA|FOXO3|STAT2|SOS1|ADCY2|ADCY3|GNB1|PAK1|SOS2|STAT3|ADCY1|CDC42|MAP2K1|GRB2|GNG10|RAF1|PTK2B|PIK3CB|GNG5|GNG3
KEGG_VASOPRESSIN_REGULATED_WATER_REABSORPTION,0.397460253974603,0.831073917401648,0.0177638457382139,0.449291172486706,1.04408462541358,35,DYNC2LI1|RAB11A|DYNC2H1|RAB5B|RAB5C|DCTN6|DCTN4|DYNLL2|DCTN5|CREB5|CREB3L2|DYNC1I2|ADCY3|CREB3
KEGG_CYTOKINE_CYTOKINE_RECEPTOR_INTERACTION,0.406659334066593,0.831073917401648,0.0174271778292089,0.420066050623378,1.02862983383179,87,LEPR|GHR|TNFRSF6B|BMPR2|EGF|IL10RA|CNTFR|TNFSF4|PDGFRB|PDGFC|EGFR|IL1RAP|BMP2|ACVR1B|IL15|FLT1|VEGFD|ACVR2B|IL12RB2|IL17RB|HGF|IFNGR2|IFNAR2|IL20RA|BMPR1A|TNFRSF19|PDGFB|MET|IFNAR1|TNFSF13B|TNFRSF25|IFNGR1|IL5
HALLMARK_HEME_METABOLISM,0.414858514148585,0.831073917401648,0.0171344548595025,0.405842428559036,1.01967551962613,169,EPB41|CCDC28A|ALDH6A1|TSPAN5|ADD1|KLF3|TMCC2|ANK1|ADD2|RNF19A|KDM7A|BTRC|MAP2K3|RAP1GAP|ISCA1|LMO2|LPIN2|SPTB|CDR2|NCOA4|CA1|GYPB|HEBP1|NR3C1|USP15|DCAF10|BLVRA|GCLC|ABCB6|FBXO34|MBOAT2|SDCBP|NUDT4|SNCA
HALLMARK_NOTCH_SIGNALING,0.415258474152585,0.831073917401648,0.0171203461634246,0.460474065051674,1.04580051208609,26,CCND1|PRKCA|TCF7L2|FZD5|FBXW11|MAML2|JAG1|SKP1|RBX1|ST3GAL6
KEGG_HYPERTROPHIC_CARDIOMYOPATHY_HCM,0.415358464153585,0.831073917401648,0.0171168214209899,0.426906495817846,1.02892188395189,62,CACNA2D2|ITGA10|EMD|RYR2|PRKAA1|CACNA1C|ACTG1|LMNA|CACNG2|CACNB4|TTN|CACNG7|DAG1|CACNG5|ITGA1|CACNG4|ACTC1|PRKAG1|PRKAA2|ITGA6|ITGA2B|ATP2A2
HALLMARK_COMPLEMENT,0.416058394160584,0.831073917401648,0.0170921753876313,0.409258513302588,1.02025092611538,137,PRCP|MSRB1|LGALS3|CALM3|ATOX1|CTSS|COL4A2|ZFPM2|S100A9|CBLB|PCLO|HPCAL4|LIPA|LAP3|DOCK4|ME1|F3|USP15|XPNPEP1|PPP2CB|GNB4|LGMN|CPQ|FYN|CP|KLKB1|DGKG|CDK5R1|GNAI3|PIK3CA|DOCK9|RBSN|CEBPB|PRDM4|IRF2|MMP15|SCG3|PDGFB|GMFB|F8|GRB2|CLU|PREP|RAF1|USP16|PSEN1|SRC|HSPA5|LRP1|F5|PDP1|CTSL|KIF2A|PLA2G4A|MT3|TIMP2|RNF4|SH2B3|CALM1|CDH13
KEGG_TOLL_LIKE_RECEPTOR_SIGNALING_PATHWAY,0.424057594240576,0.831073917401648,0.0168138197837278,0.426343544773686,1.02637110561066,61,NFKB1|TRAF6|TAB2|CHUK|MAP2K3|RELA|MAP2K7|MAPK9|TLR1|AKT3|MAPK1|MAPK10|PIK3CA|TBK1|IFNAR2|TICAM2|MAPK14|FOS|MAPK13|MAP2K4|MAP2K1|IFNAR1|PIK3CB|PIK3CD|MAP3K7|PIK3R1|FADD|IKBKG|TOLLIP|CTSK|RAC1|MAP2K6|MAPK8|MAP3K8
KEGG_BUTANOATE_METABOLISM,0.424757524247575,0.831073917401648,0.0167897478339377,0.458188650917371,1.04061001938871,26,ACADS|ECHS1|ALDH5A1|ACSM3|ALDH7A1|PDHB|ALDH1B1|HMGCS1|L2HGDH|ACAT2
HALLMARK_GLYCOLYSIS,0.426957304269573,0.831073917401648,0.0167143840009598,0.40495336287206,1.01744174993486,169,PLOD2|MPI|BPNT1|NDST3|POLR3K|PPFIA4|CHPF2|PHKA2|PRPS1|NSDHL|AKR1A1|GNPDA1|GYS2|NOL3|EXT1|PFKP|NASP|HS6ST2|SDHC|EGFR|ME1|PKP2|PPP2CB|HS2ST1|CTH|IRS2|GCLC|GMPPB|GLCE|PAM|ABCB6|GALK1|IDH1|ALDH7A1|CHST12|STMN1|ALG1|ADORA2B|SLC35A3|GALE|TXN|MDH2|DEPDC1|SDC2|FUT8|HAX1|HOMER1|AK3|P4HA1|ARPP19|MET|PGK1|SLC25A13|PGLS|SRD5A3|ZNF292|QSOX1|EFNA3|CLN6|SAP30|HSPA5|HDLBP|IER3|KIF2A|CHST2|PGAM1|FKBP4|IDUA|TPST1|CACNA1H|MIF|CASP6|G6PD|CITED2|LDHA|EXT2|LHPP|GPC1|CYB5A|PDK3
KEGG_INSULIN_SIGNALING_PATHWAY,0.429057094290571,0.831073917401648,0.0166428531535733,0.412238800014332,1.01936732121795,111,PHKA2|CALM3|PHKA1|PRKAA1|PDE3B|CBLB|MKNK1|BRAF|PRKAR2A|PRKAR1A|GYS2|PPP1R3C|MTOR|FLOT2|RAPGEF1|MAPK9|IRS2|SHC3|PPARGC1A|AKT3|ACACB|EIF4E2|MAPK1|MAPK10|FLOT1|EIF4EBP1|PIK3CA|SOS1|SOCS2|PTPN1|PRKAG1|SOS2|PHKG2|GCK|PRKAA2|RPS6KB1|MAP2K1|GRB2|RAF1|RPS6KB2|PRKAG2|PIK3CB|MKNK2|FOXO1|PIK3CD|PRKAR1B|PDE3A|FASN|SHC4|CALM2|CALM1|PIK3R1
HALLMARK_MITOTIC_SPINDLE,0.429357064293571,0.831073917401648,0.0166326666274074,0.403418911111222,1.01585256162728,182,ARHGEF2|EPB41|PALLD|RAPGEF6|RASAL2|PXN|SAC3D1|SPTBN1|DST|DLG1|OPHN1|TRIO|NCK2|CD2AP|LATS1|SORBS2|SMC1A|BCAR1|DOCK4|ANLN|FGD4|SHROOM2|SSH2|ABL1|TIAM1|UXT|RASA1|MYH9|ARHGEF7|CLIP2|KPTN|DYNLL2|NF1|ROCK1|MYH10|CENPE|KLC1|KIF4A|MARCKS|SMC4|PKD2|RABGAP1|NUSAP1|SOS1|ARHGAP29|CDC27|FSCN1|ARHGEF11|LMNB1|NIN|CDC42|ARHGEF12|SASS6|CCDC88A|ARHGEF3|RALBP1|SMC3|PPP4R2
KEGG_CARDIAC_MUSCLE_CONTRACTION,0.434956504349565,0.831073917401648,0.0164439696432393,0.427301141021722,1.02393197536409,56,CACNA2D2|RYR2|CACNA1C|FXYD2|ATP1B2|SLC9A1|CACNG2|CACNB4|CACNG7|COX7A2L|CACNG5|UQCR10|COX7B|ATP1A2|COX4I1|UQCRC2|CACNG4|ACTC1|UQCRQ|COX7C|ATP2A2
KEGG_MTOR_SIGNALING_PATHWAY,0.438656134386561,0.831073917401648,0.0163207765046433,0.431892097726066,1.02442122695982,48,PRKAA1|ULK2|BRAF|MTOR|AKT3|EIF4E2|MAPK1|VEGFD|ULK3|EIF4EBP1|PIK3CA|CAB39L|PRKAA2|RPS6KB1|CAB39|RPS6KB2|PIK3CB|PIK3CD|RPS6KA2
KEGG_AMYOTROPHIC_LATERAL_SCLEROSIS_ALS,0.441755824417558,0.831073917401648,0.0162184451049271,0.431751458928351,1.02263320017809,47,GRIN2B|PPP3R2|MAP2K3|GRIN2A|SLC1A2|CCS|NEFH|CHP1|PPP3CA|BAX|GRIA1|MAPK14|CYCS|MAPK13|BCL2
HALLMARK_PROTEIN_SECRETION,0.443655634436556,0.831073917401648,0.0161561173157788,0.414026120519116,1.01650267324153,93,VAMP7|ANP32E|DST|ABCA1|SH3GL2|ARFGEF2|AP3S1|GBF1|AP2B1|TSG101|CLTA|ARFGAP3|VAMP3|EGFR|STX12|PAM|GALC|IGF2R|VPS45|CD63|MAPK1|BET1|ARCN1|SNX2|ARFIP1|CLN5|RAB14|COPB1|CAV2|ATP6V1H|SGMS1|STX7|TMED10|SNAP23|PPT1|YKT6|SEC31A
KEGG_AUTOIMMUNE_THYROID_DISEASE,0.444955504449555,0.831073917401648,0.0161136411788081,0.484662057096175,1.03722760063655,13,TSHR|HLA-DMA|TG|HLA-F|HLA-DPA1|IL5|HLA-B
KEGG_ENDOCYTOSIS,0.477452254774523,0.869846838845527,0.0150933079946957,0.401002312625809,1.00607507719969,162,FGFR2|IQSEC2|TRAF6|MVB12B|SNF8|SH3KBP1|SH3GL2|ASAP1|ERBB4|CBLB|EGF|EPS15|IGF1R|RAB11A|ARAP1|AP2B1|TSG101|DNM3|SH3GL3|RAB4A|CLTA|CHMP4B|HSPA2|ARFGAP3|SH3GL1|EGFR|RAB5B|RAB5C|GRK5|RAB31|VPS25|PLD1|VPS45|FLT1|RNF41|F2R|SMURF1|CHMP5|EHD3|PSD2|SMAP1
KEGG_APOPTOSIS,0.47985201479852,0.869846838845527,0.0150209051887347,0.416030166287128,1.00687372527635,68,NFKB1|PPP3R2|NGF|CFLAR|CHUK|PRKAR2A|PRKAR1A|RELA|BIRC2|IL1RAP|MAP3K14|AKT3|CHP1|PPP3CA|PIK3CA|ENDOG|TRADD|BAX|CYCS|BCL2|CAPN1|PIK3CB|PIK3CD|PRKAR1B|IL1R1|BIRC3|PIK3R1|DFFB|CASP6|FADD|IKBKG|EXOG|IRAK2
HALLMARK_COAGULATION,0.482251774822518,0.869846838845527,0.0149488775820476,0.413102792476607,1.00507474378334,76,FBN1|PROS1|USP11|BMP1|S100A1|F3|DCT|LGMN|CPQ|FYN|GNG12|KLKB1|FURIN|ISCU|APOA1|MST1|HTRA1|SPARC|MSRB2|MMP15|DUSP14|PDGFB|F8|CLU|PREP|KLF7|CPB2|LRP1
KEGG_FATTY_ACID_METABOLISM,0.501649835016498,0.869846838845527,0.01437978157026,0.431132518837908,1.00009584064721,34,CPT1B|ACADS|ACADL|ECHS1|ACADSB|CPT1C|ALDH7A1|ACSL1|ALDH1B1|CPT2|ACAT2
HALLMARK_XENOBIOTIC_METABOLISM,0.507849215078492,0.869846838845527,0.0142025640631438,0.400363193820006,0.999283869745012,142,PROS1|SLC6A6|CDO1|SLC22A1|PAPSS2|NQO1|MTHFD1|ARG2|GSS|GART|MCCC2|ABCC2|ACP1|GABARAPL1|RAP1GAP|SLC46A3|LPIN2|BCAR1|HSD11B1|ESR1|NFS1|APOE|GCLC|RBP4|IDH1|PYCR1|TKFC|AOX1|AP4B1|CROT|CYP2C18|ID2|ABHD6|DDT|ECH1|HACL1|UGDH|ARPP19|CYP2E1|GSTO1|MARCHF6|NMT1|TMEM97|ATP2A2|ENPEP|MAOA|POR|GCKR|PTGR1|CBR1|PGRMC1|ENTPD5|NDRG2|TYR|IL1R1|KARS1|SAR1B|RETSAT|ACOX1|TPST1|GCNT2|PEMT|SSR3|VTN|CASP6|CD36
KEGG_VEGF_SIGNALING_PATHWAY,0.508249175082492,0.869846838845527,0.0141912041976941,0.41704936147849,0.997656026019469,54,PRKCA|PXN|PPP3R2|AKT3|PTK2|CHP1|MAPK1|PRKCB|PLA2G6|PPP3CA|PIK3CA|NFAT5|RAC3|MAPK14|MAPK13|CDC42|MAP2K1|RAF1|SRC|PIK3CB|MAPKAPK2|PIK3CD|PLA2G4A
KEGG_PROPANOATE_METABOLISM,0.512248775122488,0.869846838845527,0.0140780853907658,0.434332096382441,0.99831898306609,30,ALDH6A1|PCCB|ECHS1|MCEE|ACACB|ALDH7A1|ALDH1B1|SUCLA2|ACAT2|ACSS3
KEGG_MELANOGENESIS,0.512448755124488,0.869846838845527,0.014072452142226,0.409246792904737,0.995693137431825,76,ADCY8|PLCB1|PRKCA|TCF7L2|CALM3|ADCY5|CAMK2D|CREBBP|CAMK2G|WNT8A|DCT|FZD5|WNT7B|MAPK1|PRKCB|WNT16|GNAI3|CREB3L2|ADCY2|ADCY3|CREB3|GNAQ|MC1R|ADCY1|MAP2K1|EP300|RAF1|MITF|CTNNB1|TYR|WNT4|PLCB4|CALM2|CALM1|KIT|ADCY9|WNT2B
KEGG_INOSITOL_PHOSPHATE_METABOLISM,0.513048695130487,0.869846838845527,0.0140555652390614,0.418650710116748,0.996462412680713,50,ALDH6A1|PLCB1|PLCE1|INPP5J|CDIPT|ISYNA1|INPP5E|INPP4B
KEGG_BASAL_CELL_CARCINOMA,0.513748625137486,0.869846838845527,0.0140358881261304,0.426112384990733,0.994091605273927,37,STK36|TCF7L2|GLI3|WNT8A|FZD5|HHIP|BMP2|WNT7B|PTCH2|WNT16
KEGG_CELL_ADHESION_MOLECULES_CAMS,0.516248375162484,0.869846838845527,0.0139658245035102,0.408181294948182,0.995735190482835,80,NEGR1|PTPRM|NECTIN3|CADM1|CNTN2|NLGN4X|CDH2|HLA-DMA|CDH3|PTPRC|MPZ|CD6|NCAM2|CNTNAP2|CLDN16|NRXN2|PDCD1LG2|NLGN1|NEO1|NECTIN2|SDC2|HLA-F|NFASC|CD226|NLGN3|MAG|CADM3|ITGA6|HLA-DPA1|CD274|CDH4|NRCAM|CD8A
KEGG_VIRAL_MYOCARDITIS,0.516748325167483,0.869846838845527,0.0139518511942778,0.42257007344522,0.992160664790166,41,CCND1|EIF4G3|ACTG1|EIF4G2|HLA-DMA|ABL1|FYN|MYH9|DAG1|MYH10|HLA-F|RAC3|CYCS|HLA-DPA1
KEGG_GLYCOSPHINGOLIPID_BIOSYNTHESIS_GLOBO_SERIES,0.517248275172483,0.869846838845527,0.0139378909314475,0.467527155467885,0.992640049766067,12,ST8SIA1|GBGT1|HEXA|ST3GAL2|FUT2|ST3GAL1
KEGG_ADHERENS_JUNCTION,0.521147885211479,0.869846838845527,0.0138294442575315,0.410944382474209,0.993670091841101,67,PTPRM|NECTIN3|TCF7L2|PTPN6|ACTG1|IGF1R|ACTN1|ACP1|CREBBP|TJP1|YES1|EGFR|FYN|CSNK2A1|MAPK1|AFDN|NECTIN2|PTPN1|RAC3|CDC42|MET|EP300|LMO7|SRC|CTNNB1|BAIAP2|MAP3K7|NECTIN1|RHOA|INSR|VCL|CSNK2A2|SMAD4|SMAD3|CSNK2B|RAC1
HALLMARK_MTORC1_SIGNALING,0.523447655234477,0.869846838845527,0.0137658520498963,0.394998902466749,0.995391122277232,186,PLOD2|RPA1|SLC6A6|TM7SF2|FADS2|NFKBIB|IDI1|PGM1|SORD|PSMA3|MTHFD2|MAP2K3|ACLY|IGFBP5|CCNF|UCHL5|SLC1A4|PSME3|INSIG1|PDAP1|CALR|HSP90B1|SERP1|XBP1|PSMD14|RAB1A|ME1|RIT1|PHGDH|QDPR|LGMN|CTH|PSMC6|GCLC|SC5D|IDH1|GPI|SRD5A1|UFM1|SDF2L1|HMGCS1|TBK1|ATP5MC1|PPA1|DDIT3|P4HA1|PGK1|PSMG1|NFIL3|UNG|NMT1|TUBG1|TMEM97|ATP2A2|PSAT1|HMGCR|DHFR|NUPR1|PLK1|IFRD1|YKT6|HSPA5|SCD|WARS1|DHCR7|CCT6A|TFRC|TRIB3|CACYBP|CDKN1A|TOMM40|EBP|FKBP2|CFP|EEF1E1|CYP51A1|NHERF1|CANX|SKAP2|G6PD|PSMB5|TCEA1|LDHA|PDK1|ETF1|PSMD12|PSMA4|EDEM1|NAMPT
HALLMARK_APICAL_JUNCTION,0.528247175282472,0.871415048276194,0.0136339876448786,0.397126429496428,0.99433405843405,155,FBN1|PARVA|ITGA10|NEGR1|SLIT2|MAP4K2|NECTIN3|DLG1|ACTG1|PCDH1|BMP1|VASP|ACTN1|VAV2|TJP1|ARHGEF6|INSIG1|SHROOM2|EGFR|CDH3|PTPRC|AKT3|RASA1|MYH9|PTK2|TSPAN4|ADRA1B|TRO|NF1|SYMPK|MYH10|PKD1|ADAMTS5|NRXN2|MSN|CDK8|NECTIN2|ICAM5|NFASC|NLGN3|ACTC1|FSCN1|MAPK14|RSU1|PARD6G|CADM3|MAPK13|TUBG1|CD274|CDH4|MAP3K20|SRC|PTEN|PIK3CB|PALS1|MVD|BAIAP2
KEGG_GRAFT_VERSUS_HOST_DISEASE,0.542845715428457,0.889008200629212,0.0132396611624844,0.462794947981775,0.974922069678489,11,KLRD1|HLA-DMA|HLA-F|HLA-DPA1|HLA-B
KEGG_TRYPTOPHAN_METABOLISM,0.553744625537446,0.890927928483747,0.0129515055077197,0.427849323447252,0.977552329730097,28,WARS2|ECHS1|AOX1|ALDH7A1|KMO|MAOB|ALDH1B1|HAAO|CYP1B1|ACAT2|MAOA|OGDHL|WARS1
KEGG_NUCLEOTIDE_EXCISION_REPAIR,0.554644535546445,0.890927928483747,0.0129279385303377,0.415606055281582,0.979090337644447,43,RPA1|GTF2H3|POLE|RFC4|CCNH|RFC2|RPA3|MNAT1|CETN2|RBX1|RFC5|POLE4|POLD3|GTF2H4|ERCC8|CDK7|POLD1|POLD4|GTF2H5|ERCC1|CUL4B|DDB1|GTF2H1|POLD2|ERCC6|DDB2|RFC1
KEGG_RIBOFLAVIN_METABOLISM,0.555844415558444,0.890927928483747,0.0128965680144046,0.452783648376071,0.969004464732389,13,MTMR1|ACP1|ACP6|ENPP3|TYR|RFK|PHPT1|MTMR6|ACP2|FLAD1
KEGG_BLADDER_CANCER,0.574242575742426,0.913935367026678,0.0124227002864234,0.416722950821792,0.968401011757882,35,CCND1|EGF|BRAF|EGFR|MAPK1|VEGFD|MAP2K1|RAF1|RB1|DAPK2|CDKN1A
KEGG_RIG_I_LIKE_RECEPTOR_SIGNALING_PATHWAY,0.582641735826417,0.920818407669722,0.0122105725345953,0.409440215555477,0.969787476698686,47,NFKB1|TRAF6|NFKBIB|CHUK|RELA|MAPK9|TRIM25|TKFC|MAPK10|TRADD|TBK1|MAPK14|MAPK13|IFIH1
KEGG_INTESTINAL_IMMUNE_NETWORK_FOR_IGA_PRODUCTION,0.588241175882412,0.923211845482118,0.0120705173343685,0.440784793657994,0.950175954560545,14,HLA-DMA|MAP3K14|IL15|HLA-DPA1|TNFSF13B|IL5
KEGG_RENAL_CELL_CARCINOMA,0.594740525947405,0.926974888718025,0.0119092594683221,0.401018464003517,0.969669062166484,67,FH|PAK5|BRAF|GAB1|CREBBP|RAPGEF1|RAP1A|AKT3|MAPK1|VEGFD|HGF|PIK3CA|SOS1|RBX1|PAK1|SOS2|ELOC|ARNT2|PDGFB|CDC42|MET|MAP2K1|EP300|GRB2|RAF1|PIK3CB
KEGG_O_GLYCAN_BIOSYNTHESIS,0.611238876112389,0.94055459318933,0.0115058146334444,0.418741661928743,0.944643942070508,24,GALNT16|GALNT7|GALNT9|B4GALT5|GALNT18|GALNT1|GALNT2|ST3GAL2|GALNT14|GALNT3|GCNT4|ST3GAL1|GALNT17
KEGG_PENTOSE_PHOSPHATE_PATHWAY,0.611938806119388,0.94055459318933,0.0114888757516474,0.423258548460824,0.940913988533351,20,PRPS1|PGM1|PFKP|RBKS|GPI|PFKM|ALDOC|PGLS|TKT
KEGG_PPAR_SIGNALING_PATHWAY,0.615938406159384,0.94055459318933,0.0113923443775242,0.40202867777716,0.955396133410811,49,CPT1B|PPARG|FADS2|FABP5|ACADL|FABP6|ME1|CPT1C|FABP7|ACSL1|RXRB|APOA1|RXRG|SCD5|CPT2|ILK|LPL|SCP2
KEGG_CHRONIC_MYELOID_LEUKEMIA,0.635236476352365,0.947968096272134,0.0109324816967219,0.394722653957994,0.955305411116171,68,CCND1|NFKB1|CBLB|BRAF|CHUK|CDKN1B|RELA|ABL1|SHC3|AKT3|GAB2|CDK6|MAPK1|PIK3CA|SOS1|HDAC1|SOS2|MAP2K1|GRB2|RAF1|PIK3CB|RB1|PIK3CD|CDKN1A|HDAC2|SHC4|PIK3R1|IKBKG|SMAD4|SMAD3|BCR|TGFB2|MDM2|CRKL|CBL|TGFB1
KEGG_DORSO_VENTRAL_AXIS_FORMATION,0.649235076492351,0.947968096272134,0.0106044340168661,0.413975376933449,0.920277273740879,20,ETV6|EGFR|FMN2|PIWIL2|MAPK1|SOS1|SOS2|MAP2K1|GRB2|SPIRE2|NOTCH2|SPIRE1|NOTCH4
KEGG_CITRATE_CYCLE_TCA_CYCLE,0.652234776522348,0.947968096272134,0.0105346818884828,0.406669479684136,0.929160514015313,28,FH|ACLY|SDHC|IDH3B|IDH1|PDHB|MDH2|ACO1|SUCLA2
HALLMARK_PI3K_AKT_MTOR_SIGNALING,0.657034296570343,0.947968096272134,0.0104234510490929,0.388862322899438,0.954295779121351,92,PLCB1|NFKBIB|RALB|NGF|MKNK1|CDKN1B|THEM4|MAP2K3|PRKAR2A|CALR|HSP90B1|EGFR|RIT1|MAPK9|ATF1|TIAM1|ARPC3|MAPK1|MAPK10|PRKCB|STAT2|CAMK4|ADCY2|TBK1|CAB39L|DDIT3|PRKAG1|PRKAA2|UBE2N|GRB2|CAB39|RAF1|PTEN|FGF22|MKNK2|PIKFYVE|TRIB3|CDKN1A|MAP3K7
KEGG_TYPE_II_DIABETES_MELLITUS,0.657134286571343,0.947968096272134,0.0104211384902301,0.401778337894014,0.9280780956542,32,CACNA1C|MTOR|MAPK9|IRS2|MAPK1|MAPK10|CACNA1G|PIK3CA|SOCS2|PRKCE|GCK|PIK3CB|CACNA1A|PIK3CD
KEGG_SPLICEOSOME,0.658834116588341,0.947968096272134,0.0103818539999978,0.386220387400139,0.95972743204096,125,SRSF4|DHX15|ALYREF|SNU13|SNRPG|CHERP|WBP11|HNRNPA1|PRPF4|SNRNP27|DHX8|SF3B5|ACIN1|BCAS2|HSPA2|SNRPE|USP39|SRSF8|RBMX|PRPF18|PRPF19|SNRNP200|SNRPD3|SNRPA1|RBM22|HNRNPK|PPIE|DDX46|SLU7|SNRPA|LSM5|MAGOH|LSM7|LSM8|SNRPD2|SNRPB|CRNKL1|NCBP1|SF3A1|LSM3|DDX5|HNRNPA3|THOC1|EIF4A3|PCBP1|SMNDC1|SNRPF|ZMAT2|THOC2|SYF2|THOC3|SF3B1|DHX38|LSM4|PUF60|PRPF31|ISY1|RBM17|SNRPC|DDX23
KEGG_COLORECTAL_CANCER,0.65963403659634,0.947968096272134,0.010363385973781,0.393507625707121,0.942953345614028,56,CCND1|TCF7L2|RALGDS|BRAF|MAPK9|AKT3|MAPK1|MAPK10|PIK3CA|MSH2|APPL1|BAX|RAC3|CYCS|FOS|BCL2|MAP2K1|RAF1|APC|PIK3CB|CTNNB1|PIK3CD|RHOA|PIK3R1|MSH6|SMAD4|SMAD3|TGFB2|RAC1
HALLMARK_TGF_BETA_SIGNALING,0.662033796620338,0.947968096272134,0.0103080528416506,0.394212180401218,0.936820713838553,49,BMPR2|SPTBN1|NCOR2|TRIM33|TJP1|BMP2|RAB31|SMAD7|SMURF1|FURIN|ID2|ENG|IFNGR2|HDAC1|BMPR1A|SKI
KEGG_GLYCEROLIPID_METABOLISM,0.662733726627337,0.947968096272134,0.0102919337839193,0.397723421226789,0.929430895830359,38,PLPP1|AKR1A1|DGKE|MGLL|AGPAT1|TKFC|MBOAT2|ALDH7A1|DGKG|DGKI|ALDH1B1|GPAT4|LPL|PLPP3|PNPLA3|DGAT1|AGPAT4|DGKD|AKR1B1
KEGG_ALZHEIMERS_DISEASE,0.665033496650335,0.947968096272134,0.0102390328327957,0.384621148351485,0.959992615313274,142,ITPR1|PLCB1|GRIN2B|NDUFA7|PPP3R2|CALM3|ATP5MC2|CACNA1C|ATP5PF|GRIN2A|SDHC|NDUFA5|NDUFS1|APOE|RYR3|COX7A2L|MME|NAE1|CHP1|MAPK1|SNCA|NDUFC2|UQCR10|CDK5R1|PPP3CA|NDUFS5|NDUFB7|NDUFB2|COX7B|NDUFB5|NDUFA4|COX4I1|UQCRC2|ATP5MC3|ATP5MC1|HSD17B10|GNAQ|NCSTN|UQCRQ|CYCS|IDE|LPL|NDUFB1|COX7C|ATP5F1A|ATP2A2|CAPN1|PSEN1|ADAM17|UQCRB|NDUFA2|NDUFS4|BACE1|LRP1|COX6A1|ATP5F1B|APH1A|NDUFS3|PLCB4|APP|NDUFB6|NDUFA8|CALM2|ATP5F1E|CALM1|ATP5PD|NDUFA1|FADD|NDUFA6|MAPT
KEGG_ETHER_LIPID_METABOLISM,0.666933306669333,0.947968096272134,0.0101954021038528,0.409474804345624,0.910272392044589,20,PLPP1|PAFAH2|PLD1|CHPT1|PLA2G6|PLPP3|PLA2G4A|PAFAH1B1|LPCAT2|LPCAT4|PAFAH1B3|PLA2G12A
KEGG_NICOTINATE_AND_NICOTINAMIDE_METABOLISM,0.682331766823318,0.956036911646259,0.00984393393758485,0.405017293436735,0.900363237501897,20,NUDT12|NT5C2|AOX1|NMRK1|NT5C1A|ENPP3|NT5C3A|NNMT
KEGG_LYSINE_DEGRADATION,0.685131486851315,0.956036911646259,0.00978041268655517,0.391588340006884,0.923789115100388,44,PLOD2|ECHS1|NSD3|EHMT1|AASS|NSD1|SETD2|ALDH7A1|BBOX1|ALDH1B1|SUV39H2|SETMAR|ACAT2|PLOD3|OGDHL|NSD2|SETDB2|DOT1L|DLST|KMT5A|AADAT|EHMT2|ASH1L|KMT5C|SETD7|ALDH9A1
KEGG_ALLOGRAFT_REJECTION,0.689031096890311,0.956036911646259,0.00969211385042727,0.41469775292413,0.873600702287124,11,HLA-DMA|HLA-F|HLA-DPA1|IL5|HLA-B
KEGG_LIMONENE_AND_PINENE_DEGRADATION,0.68953104689531,0.956036911646259,0.00968080789013029,0.41620121487825,0.869039045750565,10,ECHS1|ALDH7A1|ALDH1B1|NAA80|ALDH9A1|ALDH2
KEGG_GLYCOSPHINGOLIPID_BIOSYNTHESIS_LACTO_AND_NEOLACTO_SERIES,0.704529547045295,0.962216042546689,0.00934300355403125,0.399882608188103,0.885264582693654,19,ST8SIA1|ST3GAL4|FUT4|B3GNT2|ST3GAL6|B3GNT5|FUT2|ST3GAL3|GCNT2|B3GALT1
HALLMARK_OXIDATIVE_PHOSPHORYLATION,0.717228277172283,0.962216042546689,0.00905874647191068,0.377558937834323,0.953770950193855,199,ALDH6A1|NDUFA7|FH|ATP5MC2|ABCB7|ATP6V1E1|PHYH|SLC25A5|ECHS1|ACADSB|ISCA1|COX15|ATP5PF|TIMM10|NQO2|MRPL11|COX11|RHOT1|SDHC|NDUFA5|NDUFS1|IDH3B|COX7A2L|SLC25A6|IDH1|CYB5R3|GPI|ATP6V1G1|COX10|PDHB|NDUFC2|VDAC1|UQCR10|TIMM13|MTRF1|MRPL15|NDUFB7|ATP6AP1|NDUFB2|COX7B|NDUFB5|ISCU|NDUFA4|COX4I1|UQCRC2|MAOB|MDH2|ATP6V1F|ECH1|BAX|ATP5MC3|SURF1|ATP5MC1|MTX2|HSD17B10|FXN|MRPS22|PRDX3|SUCLA2|UQCRQ|CYCS|OAT|TIMM50|NDUFB1|COX7C|ATP5F1A|ATP6V1H|MFN2|TIMM9|POR|ETFB|UQCRB|NDUFA2|NDUFS4|PDP1|COX6A1|VDAC3|ATP5F1B|NDUFS3|ATP5ME|OPA1|OXA1L|RETSAT|NDUFB6|NDUFA8|ATP5F1E|ATP5PD|GPX4|VDAC2|NDUFA1|NDUFA6|SLC25A3
KEGG_PRIMARY_IMMUNODEFICIENCY,0.723427657234277,0.962216042546689,0.00892042422605522,0.396835494439272,0.860905047822177,15,PTPRC|RAG1|RFX5|DCLRE1C|UNG|CD8A|IKBKG|BLNK|RFXANK|TAP1
HALLMARK_INFLAMMATORY_RESPONSE,0.723927607239276,0.962216042546689,0.00890927979625472,0.379650280563603,0.937487609656511,107,NFKB1|SLC4A4|ABCA1|LPAR1|IL10RA|PCDH7|KCNA3|RELA|PDPN|SLC1A2|F3|PDE4B|FZD5|TLR1|SLC7A1|VIP|ACVR1B|PTPRE|IL15|GABBR1|OPRK1|ADORA2B|EMP3|GNAI3|KCNJ2|IFNGR2|RGS16|SRI|SCARF1|MET|IFNAR1|ATP2A2|RAF1|KCNMB2|PSEN1
KEGG_PRION_DISEASES,0.727927207279272,0.962216042546689,0.0088201744881533,0.390011268669656,0.879830730458146,24,LAMC1|FYN|NCAM2|MAPK1|EGR1|BAX|MAP2K1|HSPA5
KEGG_HUNTINGTONS_DISEASE,0.732626737326267,0.962216042546689,0.00871557622660414,0.376726328202639,0.94349078184701,156,ITPR1|PLCB1|PPARG|GRIN2B|NDUFA7|GRM5|ATP5MC2|SLC25A5|IFT57|CREBBP|AP2B1|ATP5PF|CLTA|SDHC|TFAM|NDUFA5|NDUFS1|DNAH2|PPARGC1A|COX7A2L|SLC25A6|DCTN4|DNAL4|NDUFC2|VDAC1|UQCR10|NDUFS5|NDUFB7|POLR2G|NDUFB2|COX7B|NDUFB5|NDUFA4|COX4I1|UQCRC2|CREB5|CREB3L2|BAX|ATP5MC3|ATP5MC1|HDAC1|CREB3|GNAQ|BBC3|UQCRQ|CYCS|DNAH3|POLR2L|NDUFB1|COX7C|ATP5F1A|EP300|TBP|DNAI1|UQCRB|NDUFA2|NDUFS4|POLR2E|COX6A1|VDAC3|ATP5F1B|NDUFS3|AP2A1|PLCB4|NDUFB6|NDUFA8|HDAC2|ATP5F1E|ATP5PD|VDAC2|NDUFA1|NDUFA6|RCOR1|POLR2B|REST
KEGG_BETA_ALANINE_METABOLISM,0.736926307369263,0.962216042546689,0.00861995688422661,0.38924234782023,0.865295151924184,20,ECHS1|SRM|ALDH7A1|ALDH1B1|DPYD|AOC2
HALLMARK_SPERMATOGENESIS,0.743325667433257,0.962216042546689,0.0084777370584662,0.378320642466134,0.923624880878541,82,DDX25|SCG5|GRM8|BRAF|PRKAR2A|ADCYAP1|MTOR|MAP7|RFC4|HSPA2|DDX4|SNAP91|HTR5A|NEFH|CCNA1|CDKN3|IL12RB2|PHF7|CAMK4|PGS1|AGFG1|SCG3|SIRT1|IDE|ZC3H14|PHKG2|PSMG1
KEGG_HEDGEHOG_SIGNALING_PATHWAY,0.743325667433257,0.962216042546689,0.0084777370584662,0.382522650201559,0.892399678551411,37,STK36|GLI3|BTRC|WNT8A|FBXW11|HHIP|BMP2|WNT7B|PTCH2|WNT16|CSNK1A1|CSNK1G1|WNT4|SHH|GLI2|WNT2B|RAB23|CSNK1G2|PTCH1|CSNK1E|CSNK1D|WNT10B
HALLMARK_MYC_TARGETS_V2,0.743425657434257,0.962216042546689,0.00847551553486449,0.379128864805371,0.905902823854727,53,EXOSC5|NPM1|RRP12|SORD|MRTO4|NOLC1|SRM|PA2G4|GNL3|RABEPK|LAS1L|IMP4|NOP2|UNG|TMEM97|PLK1|AIMP2|TFB2M|RCL1|PES1|WDR74
KEGG_PROTEASOME,0.745025497450255,0.962216042546689,0.00843997308770899,0.380941851108229,0.893088637153418,40,PSMA3|PSMD1|PSMB2|PSME3|POMP|PSMD14|PSMC6|PSMD4|PSME2|PSMB3
KEGG_ANTIGEN_PROCESSING_AND_PRESENTATION,0.747625237476252,0.962216042546689,0.00838222255592694,0.378754993623071,0.894807729739312,45,CTSS|KLRD1|PSME3|CALR|HSPA2|HLA-DMA|LGMN|HSP90AB1|PSME2|PDIA3|HLA-F|RFX5|HLA-DPA1|CD8A|HLA-B|HSPA5|CTSL
HALLMARK_BILE_ACID_METABOLISM,0.762323767623238,0.962216042546689,0.00805565891922951,0.374391234456468,0.916145723622516,86,FADS2|IDI1|ABCA1|DIO2|PHYH|ATXN1|EFHC1|NUDT12|ABCA3|ABCG4|IDH1|AR|PFKM|CROT|ACSL1|APOA1|BBOX1|RXRG|HACL1|PEX11A|SCP2|SLC35B2|ABCG8|PEX19|DIO1|ACSL5|SLCO1A2|CYP7B1|SLC23A2|RXRA|RETSAT|SLC27A5
HALLMARK_HYPOXIA,0.77012298770123,0.962216042546689,0.00788216472856238,0.372078445628544,0.932157080174287,157,SRPX|PRKCA|SLC6A6|PPFIA4|PGM1|DTNA|CDKN1B|KLHL24|PPP1R3C|EXT1|PFKP|EGFR|F3|NR3C1|XPNPEP1|IRS2|CP|PPARGC1A|PAM|MYH9|GALK1|GPI|ACKR3|WSB1|RORA|JMJD6|DUSP1|ADORA2B|LARGE1|CCNG2|HEXA|FOXO3|SDC2|DDIT3|CCN2|ALDOC|LXN|P4HA1|FOS|PDGFB|GCK|PGK1|BCL2|NFIL3|BTG1|ZNF292|NDST1|KLF7|EFNA3|SAP30|HSPA5|HDLBP|IER3|CDKN1A|BNIP3L|CHST2|TPD52|NDRG1|TMEM45A|GAA|GCNT2|MIF|CASP6|CITED2|LDHA|PDK1|GRHPR|GPC1|PDK3|BCAN
HALLMARK_P53_PATHWAY,0.777722227777222,0.962216042546689,0.00771282366898212,0.371183158044741,0.932881814746363,170,EPS8L2|SESN1|TM7SF3|PLXNB2|CCND2|RALGDS|VWA5A|HEXIM1|CD81|H2AJ|DRAM1|TXNIP|GADD45A|GPX2|BMP2|RPS12|HINT1|ACVR1B|RACK1|PTPRE|RAP2B|PVT1|PTPN14|RPS27L|PIDD1|GLS2|CDK5R1|F2R|ELP1|SLC3A2|ZMAT3|ISCU|FOXO3|POM121|BAX|RPL18|PPM1D|GM2A|RGS16|COQ8A|DDIT3|FOS|CCNK|TPRKB|RNF19B|JAG2|BTG1|TSC22D1|NUPR1|TSPYL2|S100A10|ABCC5|ZFP36L1|MKNK2|RB1|BAIAP2|FUCA1|HBEGF|RPL36|FBXW7|TRIB3|IER3|CDKN1A|PITPNC1|RXRA|NDRG1|APP|H2AC25|CCP110|RETSAT|TRIAP1|TP63|ANKRA2|CDH13|BLCAP
KEGG_OXIDATIVE_PHOSPHORYLATION,0.778922107789221,0.962216042546689,0.00768605099579775,0.37240976266583,0.918488512643127,104,NDUFA7|ATP5MC2|ATP6V1E1|PPA2|COX15|ATP5PF|ATP6V0E2|ATP6V1B2|COX11|SDHC|NDUFA5|NDUFS1|ATP6V0A4|COX7A2L|ATP6V1G1|COX10|NDUFC2|UQCR10|NDUFS5|NDUFB7|ATP6AP1|NDUFB2|COX7B|NDUFB5|NDUFA4|COX4I1|UQCRC2|ATP6V1A|ATP6V1F|ATP5MC3|ATP5MC1|PPA1|UQCRQ|ATP6V0A1|NDUFB1|COX7C|ATP5F1A|ATP6V1H|ATP6V1G2|UQCRB|NDUFA2|NDUFS4|COX6A1|ATP5F1B|NDUFS3|ATP5ME|NDUFB6|NDUFA8|ATP5F1E|ATP5PD|NDUFA1|NDUFA6|LHPP|COX7A2|COX17|NDUFB10|NDUFA11|ATP5PB
HALLMARK_REACTIVE_OXYGEN_SPECIES_PATHWAY,0.790920907909209,0.962216042546689,0.00741764735235182,0.370637444761178,0.874364229315353,44,PRDX4|NQO1|ATOX1|MSRA|PFKP|MGST1|GCLC|CDKN2D|LAMTOR5|SCAF4
KEGG_GALACTOSE_METABOLISM,0.794820517948205,0.962216042546689,0.00733009781617986,0.370187941343153,0.822936745548983,20,PGM1|PFKP|GALK1|PFKM|GALE|GCK|GLB1|GAA|AKR1B1|B4GALT1
KEGG_TYPE_I_DIABETES_MELLITUS,0.800619938006199,0.962216042546689,0.00719954257312458,0.369327530335593,0.809570397767901,17,HLA-DMA|PTPRN2|HLA-F|PTPRN|HLA-DPA1|HLA-B
KEGG_RNA_DEGRADATION,0.801119888011199,0.962216042546689,0.00718826624051893,0.367436906598926,0.879568823952282,55,EDC3|EXOSC5|C1D|SKIC8|PARN|DCP2|PATL1|DCP1B|EXOSC9|LSM5|LSM7|LSM8|CNOT1|PNPT1|CNOT7|LSM3|DDX6|CNOT9|TENT4A|SKIC3|EXOSC7|LSM4|EXOSC3
HALLMARK_ADIPOGENESIS,0.814018598140186,0.962216042546689,0.00689595808313574,0.367115337531273,0.924795786188131,184,COL4A1|PPARG|ACADS|NKIRAS1|ABCA1|MYLK|PGM1|PHLDB1|PHYH|ACADL|LPCAT3|ECHS1|SAMM50|CHUK|COQ3|ACLY|G3BP2|SDHC|ME1|GADD45A|NDUFA5|QDPR|APOE|MGLL|IDH1|MIGA2|ANGPT1|UQCR10|RAB34|MRPL15|DNAJB9|NDUFB7|COX7B|CCNG2|YWHAG|PEX14|MDH2|DHRS7B|DDT|ECH1|MAP4K3|OMD|PRDX3|CD151|CPT2|RNF11|UQCRQ|GHITM|GPAT4|LPL|RTN3|SCP2|NMT1|COL15A1|IFNGR1|POR|ETFB|LTC4S|DBT|GPX3|TKT|DHCR7|COX6A1|SLC66A3|JAGN1|MCCC1|NDUFS3|APLP2|RETSAT|ACOX1|RMDN3|AK2|DGAT1|PEMT|GPX4
HALLMARK_IL6_JAK_STAT3_SIGNALING,0.817618238176183,0.962216042546689,0.00681384700113887,0.363753578938189,0.85812462341448,44,LEPR|CNTFR|PDGFC|ACVR1B|IL17RB|STAT2|IFNGR2|PTPN1|HAX1|STAT3|IFNAR1|GRB2|IFNGR1|IL1R1|LTB|IL7|CD36|A2M
KEGG_OTHER_GLYCAN_DEGRADATION,0.824717528247175,0.962216042546689,0.00665109999370338,0.358479421211215,0.77275471191496,14,NEU3|HEXA|MAN2B2|FUCA1|FUCA2|GLB1|NEU1
KEGG_N_GLYCAN_BIOSYNTHESIS,0.825617438256174,0.962216042546689,0.00663038777851481,0.361559123644755,0.854969345708702,46,ALG8|MAN2A2|ALG13|DPM3|RFT1|MGAT5|ALG6|MAN1A2|ALG1|MAN2A1|FUT8|ALG14|RPN2|MAN1C1|DAD1|TUSC3|MGAT4A|MGAT3|MAN1A1|B4GALT1|MGAT4B|ALG5
HALLMARK_MYC_TARGETS_V1,0.831016898310169,0.962216042546689,0.00650569137134153,0.365068778066457,0.92155073206714,194,CTPS1|MCM6|YWHAQ|GLO1|DHX15|NPM1|PRDX4|SNRPG|EIF1AX|AP3S1|IMPDH2|CLNS1A|TFDP1|HNRNPA1|NOLC1|PSMD1|EIF4G2|ACP1|PSMB2|SSBP1|HDDC2|RFC4|SRM|PSMD14|FAM120A|VBP1|PSMC6|PA2G4|HSP90AB1|RACK1|SNRPD3|RANBP1|RPS3|GNL3|USP1|SNRPA1|CCT7|VDAC1|PSMB3|SNRPA|SET|LSM7|MAD2L1|RPL18|SERBP1|PRDX3|SNRPD2|ODC1|PSMD8|NCBP1|EIF3J|SF3A1|RPS2|EEF1B2|UBE2E1|PGK1|RPLP0|RPL34|MRPL23|HNRNPA3|XPO1|ORC2|IFRD1|PCBP1|AIMP2|FBL|RPL14|RAN|VDAC3|YWHAE|KARS1|CNBP|EXOSC7|RPL6|HDAC2|KPNB1|EIF4H|SMARCC1|CANX|MCM7|PRPF31|SLC25A3|NHP2|ERH|LDHA|RPL22|ETF1|GSPT1|XPOT|CSTF2|PSMA4
KEGG_LEUKOCYTE_TRANSENDOTHELIAL_MIGRATION,0.835616438356164,0.962216042546689,0.00639885662097337,0.361627570691818,0.879836071257377,76,PRKCA|PXN|RASSF5|ACTG1|VASP|RAPGEF4|ACTN1|VAV2|BCAR1|RAP1A|PTK2|ROCK2|ROCK1|CLDN16|PRKCB|AFDN|GNAI3|PIK3CA|MSN|MAPK14|MAPK13|CDC42|PTK2B|PIK3CB|CTNNB1|PIK3CD|EZR|RHOA|PIK3R1|TXK|MYL12B|ARHGAP35|VCL|CLDN20|RAC1|JAM3|CD99|VAV3|F11R
HALLMARK_ALLOGRAFT_REJECTION,0.836716328367163,0.962216042546689,0.00637322003991711,0.362732295794828,0.895711264654108,107,EIF4G3|NPM1|CCND2|PTPN6|CTSS|KLRD1|ST8SIA4|HLA-DMA|EGFR|PTPRC|CD247|STAT4|TLR1|RPS19|GALNT1|IL15|PRKCB|F2R|AARS1|RPS3A|RPL39|RPL9|IFNGR2|IFNAR2|HDAC9|EIF3J|UBE2N|CD8A|IFNGR1|WARS1|MAP3K7|TPD52|RPS9|CFP|LTB
HALLMARK_INTERFERON_GAMMA_RESPONSE,0.84001599840016,0.962216042546689,0.00629609256612046,0.363364282274355,0.904083629917262,129,NCOA3|RAPGEF6|NFKB1|PARP12|PTPN6|IFITM3|ST8SIA4|PSMA3|IL10RA|MTHFD2|ARID5B|LAP3|PSMB2|PFKP|TXNIP|HLA-DMA|PDE4B|STAT4|TRIM25|OGFR|IL15|PSME2|ADAR|EPSTI1|STAT2|IFNAR2|SLC25A28|PTPN1|PNPT1|IRF2|SRI|STAT3|IFIH1|CD274|AUTS2|BTG1|HLA-B|WARS1|TOR1B|CDKN1A|PLA2G4A|USP18|IL7|CD74|IFIT2|PARP14|VAMP8|IFITM2|PSME1|RNF31|DHX58|NAMPT|RIPK2|MARCHF1|PML|BPGM
KEGG_GLYCOLYSIS_GLUCONEOGENESIS,0.84051594840516,0.962216042546689,0.00628437726295782,0.357311261884557,0.833583201100801,37,PGM1|AKR1A1|PFKP|GPI|ALDH7A1|PDHB|PFKM|ALDH1B1|ALDOC|GCK|PGK1
KEGG_GLYCOSAMINOGLYCAN_BIOSYNTHESIS_KERATAN_SULFATE,0.85051494850515,0.962216042546689,0.00604831432713439,0.346784151595874,0.74215443159231,13,FUT8|B3GNT2|ST3GAL2|ST3GAL3|CHST2|ST3GAL1|B4GALT1
KEGG_NOTCH_SIGNALING_PATHWAY,0.851414858514149,0.962216042546689,0.00602689341419848,0.354609501633174,0.828678949196061,38,NCOR2|CREBBP|DLL3|MAML2|JAG1|NUMB|HDAC1|NCSTN|EP300|MAML3|JAG2|PSEN1|ADAM17|APH1A|NUMBL|HDAC2|NOTCH2|NOTCH4|DTX4|DVL2|KAT2A
HALLMARK_WNT_BETA_CATENIN_SIGNALING,0.853414658534147,0.962216042546689,0.0059791799613179,0.352684429063361,0.819585187863257,35,CCND2|NCOR2|HEY1|JAG1|NUMB|NCSTN|JAG2|ADAM17|CTNNB1|HDAC2|FZD1|DKK1|CUL1|PTCH1|NOTCH4|CSNK1E|DVL2|KAT2A
KEGG_BASAL_TRANSCRIPTION_FACTORS,0.854014598540146,0.962216042546689,0.00596483535626608,0.349977231254912,0.806825902139227,31,GTF2H3|TAF9B|TAF13|TAF2|TBP|TAF11|GTF2A1|TAF5L|GTF2H4|GTF2B|TAF12|TAF6
KEGG_PHOSPHATIDYLINOSITOL_SIGNALING_SYSTEM,0.855014498550145,0.962216042546689,0.00594089568399016,0.357203550161287,0.864501900048785,68,ITPR1|PLCB1|PRKCA|PLCE1|CALM3|INPP5J|CDIPT|INPP5E|DGKE|INPP4B|DGKG|PRKCB|DGKI|PIK3CA
KEGG_GLYCOSYLPHOSPHATIDYLINOSITOL_GPI_ANCHOR_BIOSYNTHESIS,0.858114188581142,0.962216042546689,0.00586642166070695,0.347401228353648,0.783706269685607,24,PIGW|PIGC|PIGF|GPLD1|GPAA1|PIGK|PIGX|PIGZ
KEGG_ARACHIDONIC_ACID_METABOLISM,0.862213778622138,0.962216042546689,0.00576728865415766,0.347817469803572,0.792300915898459,27,CYP2C8|GPX2|PLA2G6|CYP2C18|CYP2E1|ALOX12|LTC4S|GPX3|CBR1|PLA2G4A|GPX7|GPX4|GGT7|PLA2G12A|GGT1
KEGG_GLYCEROPHOSPHOLIPID_METABOLISM,0.864513548645136,0.962216042546689,0.00571134337304047,0.353063599189516,0.848429601422795,59,PLPP1|LPCAT3|CDIPT|DGKE|PLD1|CHKA|AGPAT1|MBOAT2|CHPT1|DGKG|PLA2G6|DGKI|PGS1|ETNK2|GPD1|GPAT4|PTDSS1|PLPP3|PLA2G4A|PTDSS2|CHKB|ADPRM|PEMT|AGPAT4|DGKD|PCYT2|LPCAT2|LPCAT4|GNPAT|PLA2G12A
KEGG_BIOSYNTHESIS_OF_UNSATURATED_FATTY_ACIDS,0.866813318668133,0.962216042546689,0.00565514593774258,0.342969298486295,0.765237952307518,21,FADS2|ELOVL2|HSD17B12|SCD5|ACOT2|SCD|HACD1|ACOX1
KEGG_STARCH_AND_SUCROSE_METABOLISM,0.867313268673133,0.962216042546689,0.0056428947665263,0.342085674566436,0.766646886106393,22,PGM1|GYS2|GPI|UGDH|ENPP3|GCK
KEGG_SNARE_INTERACTIONS_IN_VESICULAR_TRANSPORT,0.867513248675133,0.962216042546689,0.00563799080582536,0.348650398948131,0.811765137280152,36,VAMP7|STX17|VAMP3|STX12|STX18|BET1|TSNARE1|STX7|SNAP23|YKT6|STX6|VTI1A|VTI1B|VAMP4|VAMP8
HALLMARK_INTERFERON_ALPHA_RESPONSE,0.881411858814119,0.962216042546689,0.00529184584860485,0.351010826931958,0.852232475496341,72,PARP12|IFITM3|ELF1|PSMA3|LAP3|TXNIP|TMEM140|TRIM25|OGFR|IL15|PSME2|ADAR|EPSTI1|STAT2|NUB1|SLC25A28|PNPT1|IRF2|IFIH1|MOV10|WARS1|USP18|IL7|CD74|IFIT2|PARP14|LPAR6|CD47|IFITM2|PSME1|RNF31|DHX58
HALLMARK_TNFA_SIGNALING_VIA_NFKB,0.881411858814119,0.962216042546689,0.00529184584860485,0.356093896321052,0.888560549360836,141,CCND1|SGK1|NFKB1|SLC16A6|KLF9|ABCA1|CFLAR|EIF1|MAP2K3|RELA|DRAM1|RHOB|TUBB2A|B4GALT5|BIRC2|GADD45A|F3|PDE4B|BTG3|BMP2|IRS2|PTPRE|ACKR3|JAG1|CD83|TNIP2|DUSP1|ID2|EGR1|MARCKS|FUT4|CEBPB|NFAT5|IFNGR2|FOSB|FOS|IFIH1|NFIL3|KDM6B|RNF19B|EGR3|DNAJB4|GFPT2|PLPP3|BTG1|TSC22D1
KEGG_HEMATOPOIETIC_CELL_LINEAGE,0.889011098890111,0.962216042546689,0.00509755684522577,0.339172625099576,0.786776957900994,34,MME|THPO|ITGA1|ITGA6|ITGA2B|CD8A|IL5|TFRC|GP1BB|IL1R1|IL7|KIT|CD36|CD22|CD59|EPOR|IL6R|CSF1R|IL5RA|ITGA3|HLA-DRB1|FLT3
KEGG_VALINE_LEUCINE_AND_ISOLEUCINE_BIOSYNTHESIS,0.892510748925108,0.962216042546689,0.0050067007705111,0.315957561282265,0.659727669547378,10,PDHB|LARS1|LARS2|IARS1|VARS2|PDHA1
KEGG_BASE_EXCISION_REPAIR,0.894010598940106,0.962216042546689,0.00496747522911814,0.335828854775677,0.77573969179035,32,POLE|NEIL1|SMUG1|NEIL2|PARP3|UNG|POLE4|POLD3|POLD1|POLD4
KEGG_PHENYLALANINE_METABOLISM,0.895410458954105,0.962216042546689,0.00493070310734426,0.313803211760269,0.655229331277616,10,MAOB|AOC2|MAOA|MIF|NAA80|PAH
KEGG_TASTE_TRANSDUCTION,0.898710128987101,0.962216042546689,0.0048433845518554,0.327758798767698,0.731300070084226,21,ADCY8|ASIC2|GRM4|GNB1|GNG3|CACNA1A|TAS2R4|PDE1A|PLCB2|ITPR3
KEGG_PORPHYRIN_AND_CHLOROPHYLL_METABOLISM,0.898810118988101,0.962216042546689,0.0048407240516354,0.326482713598191,0.725778967385224,20,COX15|BLVRA|CP|COX10|EARS2|ALAD|HMOX2|MMAB|HMBS|CPOX|FECH|UROS|FTH1
KEGG_UBIQUITIN_MEDIATED_PROTEOLYSIS,0.902609739026097,0.962216042546689,0.0047389646209312,0.350060517664379,0.869593667994502,124,UBE2B|UBE2E2|TRAF6|UBE2O|UBA3|ANAPC4|HERC2|CBLB|BTRC|TRIP12|FBXW8|BIRC2|BIRC6|TRIM37|COP1|FBXW11|PRPF19|UBE3B|UBE2G2|SYVN1|SMURF1|HUWE1|UBE2R2|SKP1|UBE2Z|CUL3|RBX1|FANCL|CDC27|ELOC|ANAPC13|UBE2E1|UBE2N|WWP2|UBE3C|ITCH|PIAS3|ANAPC1|FBXW7|UBE2Q2|ERCC8|ANAPC2|TRIM32|CDC34|UBE2I|BIRC3|ELOB|CUL4B|DDB1|UBE2D4|PRKN|CUL1|SMURF2|PML|UBE2D2|MDM2|CUL7|UBE3A|UBA2|HERC4|UBE2E3|CBL
KEGG_HISTIDINE_METABOLISM,0.909009099090091,0.964488527673054,0.00456447141707323,0.320733886095487,0.710044258030032,19,ALDH7A1|MAOB|ALDH1B1|HNMT|METTL2B|MAOA|ASPA|CNDP1|ALDH9A1|ALDH2
KEGG_LYSOSOME,0.920907909209079,0.969032187690322,0.00422798946906568,0.344331376869416,0.850663582157582,108,ASAH1|NPC2|CTSS|AP3S1|ABCB9|LIPA|CLTA|LGMN|ATP6V0A4|GALC|IGF2R|AP4B1|CD63|LAPTM4A|AP3M2|ATP6AP1|NAGLU|SLC17A5|HEXA|LAPTM4B|GM2A|CLN5|ARSG|ATP6V0A1|ARSB|SUMF1|AP1S2|ATP6V1H|GNPTG|PPT1|GNS|FUCA1|PSAP|NAGPA|CTSL
KEGG_COMPLEMENT_AND_COAGULATION_CASCADES,0.925507449255074,0.969032187690322,0.00409300122923925,0.31856534024514,0.730210586114556,29,PROS1|F3|KLKB1|C4BPA|F2R|F8|SERPIND1|CPB2|F5|F12|A2M|CD59|CD46|PLAT
HALLMARK_PEROXISOME,0.927507249275072,0.969032187690322,0.00403333244258835,0.339780434154302,0.835094091910473,95,CTPS1|CADM1|IDI1|ATXN1|ABCB9|FABP6|PEX2|CRABP2|IDH1|CLN8|STS|ACSL1|FIS1|PEX14|FDPS|MSH2|RXRG|DHRS3|ECH1|PEX11A|IDE|SCP2|SLC35B2|ABCC5|DIO1|ACSL5|CLN6|CDK7|SLC23A2|ESR2|CNBP|RETSAT|ACOX1|PEX11B|ERCC1|SMARCC1|SLC25A19|VPS4B
KEGG_PARKINSONS_DISEASE,0.930506949305069,0.969032187690322,0.00394263185789717,0.340302005646019,0.839015711488382,103,NDUFA7|ATP5MC2|SLC25A5|LRRK2|ATP5PF|SDHC|NDUFA5|NDUFS1|COX7A2L|SLC25A6|UBE2G2|SNCA|NDUFC2|VDAC1|UQCR10|NDUFS5|NDUFB7|NDUFB2|COX7B|NDUFB5|NDUFA4|COX4I1|UQCRC2|GPR37|ATP5MC3|ATP5MC1|UQCRQ|CYCS|NDUFB1|COX7C|ATP5F1A|UQCRB|NDUFA2|NDUFS4|COX6A1|VDAC3|ATP5F1B|NDUFS3|SLC18A2|NDUFB6|NDUFA8|ATP5F1E|ATP5PD|VDAC2|NDUFA1|NDUFA6
KEGG_TYROSINE_METABOLISM,0.938306169383062,0.969032187690322,0.00369933647117675,0.302925531876806,0.67888524133557,22,DCT|AOX1|MAOB|METTL2B|AOC2|MAOA|TYR|MIF
HALLMARK_UV_RESPONSE_UP,0.942505749425058,0.969032187690322,0.00356324270555445,0.339447884049143,0.845256086176063,133,PPP1R2|CDO1|MARK2|EIF2S3|GGH|PLCL1|PTPRD|RAB27A|NPTXR|NTRK3|RFC4|PDAP1|RHOB|HSPA2|BTG3|BMP2|CHKA|CLCN2|FURIN|RXRB|CCK|ATP6V1F|HLA-F|FOSB|FOS|POLG2|NUP58|SELENOW|SIGMAR1|MRPL23|BTG1|PPT1|MAOA|NPTX2|YKT6|GLS|GPX3|HTR7
HALLMARK_MYOGENESIS,0.943305669433057,0.969032187690322,0.00353686744700294,0.342702612612627,0.856823208412116,149,PDE4DIP|SMTN|KCNH1|FLII|PPFIA4|PLXNB2|NQO1|COL4A2|MYLK|MEF2C|ABLIM1|KIFC3|DTNA|PPP1R3C|SVIL|CASQ1|RIT1|MEF2A|MYOM1|MYH9|PDLIM7|KLF5|PFKM|ACSL1|EIF4A2|ATP6AP1|HSPB2|LARGE1|MEF2D|FDPS|SCHIP1|SPARC|ACTC1|CKB|COL15A1|CLU|IFRD1|RB1|GPX3|HBEGF|SCD|ERBB3|DAPK2|ITGB5|CDKN1A|APP|ANKRD2|ADAM12|FOXO4|CDH13|LDB3|GAA|CACNA1H|CD36|ADCY9|FGF2|LPIN1
HALLMARK_FATTY_ACID_METABOLISM,0.964703529647035,0.982093754910223,0.00275958414055672,0.330862063315409,0.824670890101747,136,ACADS|FH|IDI1|ACADL|ECHS1|NSDHL|GABARAPL1|PTPRG|RAP1GDS1|SDHC|ME1|BLVRA|IDH3B|ERP29|MCEE|MIX23|MGLL|IDH1|ACSM3|PDHB|BCKDHB|ACSL1|SERINC1|MDH2|HMGCS1|ECH1|HSD17B10|UGDH|CPT2|SUCLA2|GPD1|ACOT2|ODC1|HPGD|ACAT2|S100A10|MAOA|LTC4S|ACSL5|CBR1|ALAD|HSD17B7|FASN|HSDL2|RETSAT|ACOX1|LGALS1|MIF|CD36|LDHA|PSME1|GRHPR|DLST|KMT5A|ACADM|AADAT|TDO2|PCBD1|IDH3G|ACAA1|D2HGDH|ETFDH|ALDH9A1|NCAPH2|PDHA1|GLUL|CPT1A|HMGCL|CPOX|PPARA|APEX1|ECI2
KEGG_GLYCOSAMINOGLYCAN_DEGRADATION,0.97010298970103,0.982093754910223,0.00253267714598741,0.267449994661988,0.592083784260235,19,NAGLU|HEXA|HPSE2|ARSB|GNS|GLB1|IDUA|IDS|HYAL2|HYAL3|HS3ST3B1|HPSE|SGSH|HS3ST3A1|HGSNAT|HYAL1|HEXB
KEGG_PANTOTHENATE_AND_COA_BIOSYNTHESIS,0.972602739726027,0.982093754910223,0.00242136726700692,0.245090805763075,0.524520012816412,13,PPCS|DPYD|ENPP3|PANK3|PANK1|COASY|ENPP1|BCAT2|PANK2
KEGG_AMINOACYL_TRNA_BIOSYNTHESIS,0.973402659734027,0.982093754910223,0.00238477645311618,0.29387842201985,0.687673952506389,39,WARS2|MARS2|SEPSECS|NARS2|AARS1|NARS1|SARS1|EARS2|LARS1|SARS2|WARS1|KARS1|FARS2
KEGG_ALANINE_ASPARTATE_AND_GLUTAMATE_METABOLISM,0.987101289871013,0.991488406714884,0.00164917583112231,0.248377610575507,0.562045316649144,25,ALDH5A1|GLS2|GFPT2|GLS|NIT2|ASPA|ADSS2|GFPT1|GLUL|ABAT
KEGG_PEROXISOME,0.999300069993001,0.999300069993001,0.000381815797245351,0.247609286960141,0.600704398011526,71,PHYH|PEX2|NUDT12|IDH1|CROT|ACSL1|FAR2|PEX14|PMVK|ECH1|HACL1|PEX11A|MVK|SCP2|PEX19|ACSL5|DHRS4|ACOX1|PEX11B|ABCD1|GNPAT|PEX5|AMACR|ACAA1|MPV17|HMGCL|MPV17L|ECI2|SOD2|CAT|ACSL4|DAO|PECR|PEX3|SLC27A2|NUDT19
